Compound score,Negative score,Neutral score,Positive score,Tweet,Tweet date,Tweets ago,Twitter account
-0.3818,0.272,0.556,0.173,"Prostate cancer: Four in 10 cases diagnosed late, charity says https://t.co/JBseylXTTJ",2018-04-08 23:44:27,0,BBCNews
-0.7717,0.489,0.511,0.0,Two men dead after Edgware 'carbon monoxide leak' https://t.co/RLLdCv2WM7,2018-04-08 18:48:06,1,BBCNews
0.7003,0.0,0.746,0.254,"RT @BBCSport: Day 4 - Commonwealth Games #GC2018 

Rhys McClenaghan secured Northern Ireland's first medal of the 2018 Commonwealth Games 🏅…",2018-04-08 18:20:16,2,BBCNews
-0.872,0.553,0.447,0.0,"Hackney stabbing: Second stab death suspect 'at large', police say https://t.co/UBc0z1ANNG",2018-04-08 18:11:22,3,BBCNews
0.0,0.0,1.0,0.0,RT @BBC_HaveYourSay: Are you coming to Windsor to watch the #RoyalWedding in May? Where are you travelling from? Would you consider yoursel…,2018-04-08 15:51:58,4,BBCNews
-0.4588,0.231,0.769,0.0,Sunday Times' Rod Liddell 'mocks Wales' over Severn crossing renaming https://t.co/2hok9ikQQi,2018-04-08 15:46:10,5,BBCNews
-0.5106,0.323,0.677,0.0,Fishermen protest over lack of control of UK waters post-Brexit https://t.co/jQRhEijGcD,2018-04-08 15:19:02,6,BBCNews
0.0,0.0,1.0,0.0,UK wife-carrying contest takes place in Dorking https://t.co/wGxmIhLeg3,2018-04-08 14:36:51,7,BBCNews
0.7003,0.0,0.746,0.254,"RT @BBCSport: Day 4 - Commonwealth Games #GC2018 

Rhys McClenaghan secured Northern Ireland's first medal of the 2018 Commonwealth Games 🏅…",2018-04-08 13:00:04,8,BBCNews
-0.1531,0.127,0.873,0.0,Tony Blair believes NI deal 'still possible' but warns over Brexit https://t.co/2fh7fSuWfN,2018-04-08 12:13:48,9,BBCNews
-0.4019,0.231,0.769,0.0,Man injured wrestling Derbyshire ram calls it 'public nuisance' https://t.co/jATTw9Hj9s,2018-04-08 10:58:31,10,BBCNews
0.6249,0.0,0.579,0.421,Prince Charles reunited with fan who stole a kiss https://t.co/15fUOzfqr6,2018-04-08 10:53:09,11,BBCNews
0.0,0.0,1.0,0.0,Angela Rayner 'frustrated' over Labour anti-Semitism action https://t.co/J60EFbhlMj,2018-04-08 10:53:07,12,BBCNews
-0.0258,0.228,0.551,0.22,Arrests after Manchester City v Manchester United derby brawl https://t.co/zkSYfZJvlq,2018-04-08 10:41:44,13,BBCNews
0.0,0.0,1.0,0.0,"RT @BBCNewsNI: Meet the County Down woman who's the Dr Dolittle of the ocean
https://t.co/79W82ys7Av https://t.co/JyW6A42ZJa",2018-04-08 10:21:22,14,BBCNews
-0.6124,0.385,0.615,0.0,Sarah Montague 'incandescent with rage' over BBC Radio 4 pay https://t.co/A9PmIUzo8Z,2018-04-08 10:17:06,15,BBCNews
0.4344,0.0,0.863,0.137,"RT @BBCSport: WHAT. A. SWIM!!! 🥇🥇🥇

Scotland's Duncan Scott takes the GOLD in the Men's 100m freestyle final! 

👉  https://t.co/WUhxF51QaY…",2018-04-08 09:48:26,16,BBCNews
0.0,0.0,1.0,0.0,"RT @BBCSport: It's a Games record for Kylie Masse - and a Canadian one-two in the women's 200m backstroke.

Compatriot Taylor Ruck takes he…",2018-04-08 09:48:12,17,BBCNews
0.8016,0.0,0.736,0.264,"RT @BBCSportWales: It's a silver medal for Wales' Laura Daniels!

New Zealand's Jo Edwards comes from behind to win the lawn bowls women's…",2018-04-08 09:48:05,18,BBCNews
0.0,0.0,1.0,0.0,Government to crack down on 'rogue' estate agents https://t.co/s26Dob1oVY,2018-04-08 09:41:33,19,BBCNews
0.875,0.0,0.607,0.393,"RT @BBCSport: What a nice surprise 😍💍

Two of @TeamEngland 's basketball players got engaged on court at the Commonwealths. 

Congrats @Jam…",2018-04-08 09:37:10,20,BBCNews
-0.9231,0.47,0.53,0.0,"Government is tackling violent crime says Communities Secretary @sajidjavid, announcing details for new Offensive Weapons Bill 

https://t.co/PqhRncOSqY #Marr https://t.co/9h7if9SwYw",2018-04-08 09:09:59,21,BBCNews
0.4019,0.0,0.803,0.197,Commonwealth Games: Jamell Anderson and Georgia Jones get engaged on court https://t.co/b8Ot01unS2,2018-04-08 09:03:56,22,BBCNews
-0.5859,0.192,0.732,0.076,"""Targeting stop and search rather than just randomly going around saying you look like a gang member"" Shadow education secretary @AngelaRayner on violence in London #Marr  https://t.co/PqhRncOSqY https://t.co/JYYC6GmIj0",2018-04-08 08:55:33,23,BBCNews
-0.4404,0.266,0.734,0.0,Woman held after man stabbed in north London https://t.co/j8p0CvUSgP,2018-04-08 08:35:04,24,BBCNews
0.4588,0.0,0.7,0.3,Olivier Awards: Could Hamilton get a record haul? https://t.co/soiJzm1Q77,2018-04-08 08:34:59,25,BBCNews
-0.4019,0.162,0.738,0.1,"RT @BBCEngland: Hundreds of people have been ""sticking their tongues out at cancer"" in support of a four-year-old girl who was diagnosed wi…",2018-04-08 08:03:28,26,BBCNews
0.5707,0.0,0.862,0.138,"RT @BBCSport: The first Home Nations gold of day four went to Scotland! 🏴󠁧󠁢󠁳󠁣󠁴󠁿🏅

Congrats to the men's triple lawn bowls team 👏👉 https://t…",2018-04-08 07:27:39,27,BBCNews
0.8306,0.0,0.73,0.27,"RT @BBCSport: 🥇 Northern Ireland win their first medal! 🥇 👏

Rhys McClenaghan takes GOLD in the men's pommel horse! 

At the age of 18! Inc…",2018-04-08 06:21:59,28,BBCNews
0.0,0.0,1.0,0.0,"RT @BBCSport: Commonwealth Games #GC2018 

So far on Day 4 (07:00 BST)

England 🥇🥈🥈
Scotland 🥇🥉🥉
Wales 🥉
Northern Ireland

England's Nick M…",2018-04-08 06:21:36,29,BBCNews
0.4404,0.0,0.734,0.266,"Corbyn is 'Kremlin's useful idiot', says Boris Johnson https://t.co/bCuDT2nL2O",2018-04-08 04:44:33,30,BBCNews
0.4019,0.0,0.748,0.252,Sturgeon aims to boost Scots-China trade with visit https://t.co/tMOswK7WrA,2018-04-08 02:19:11,31,BBCNews
0.4215,0.0,0.741,0.259,Saturday Night Takeaway: Applause for McPartlin at finale https://t.co/2VGXGDmyeI,2018-04-08 02:16:27,32,BBCNews
-0.6249,0.339,0.661,0.0,'Enough police' to tackle violence rise - Amber Rudd https://t.co/eWiYkYydDg,2018-04-08 01:58:58,33,BBCNews
0.0,0.0,1.0,0.0,Ipswich Hospital reviews policy after Ed Sheeran visit https://t.co/KsozKXQO16,2018-04-08 00:51:53,34,BBCNews
-0.5574,0.325,0.556,0.119,Legal costs halt thousands of domestic violence cases https://t.co/FDgrK40hB2,2018-04-07 23:42:10,35,BBCNews
0.0,0.0,1.0,0.0,Masters 2018: Patrick Reed leads Rory McIlroy by three into final round https://t.co/wCX3WX0tVj,2018-04-07 23:42:10,36,BBCNews
0.6369,0.0,0.574,0.426,Peter Kay stage appearance delights Car Share fans https://t.co/PoEbeSjxlR,2018-04-07 23:08:39,37,BBCNews
0.4215,0.0,0.641,0.359,Manchester City 2-3 Manchester United https://t.co/fe2a9S6RAn,2018-04-07 18:33:29,38,BBCNews
-0.6908,0.402,0.598,0.0,Murder charge over Israel Ogunsola Hackney stabbing https://t.co/sOHZFOtzJs,2018-04-07 17:59:28,39,BBCNews
-0.126,0.094,0.83,0.075,"RT @BBCSport: GOAL! Man City 2-0 Man Utd  

Ilkay Gundogan takes a turn in the box ad leaves David de Gea with no chance.

👉 https://t.co/N…",2018-04-07 17:03:57,40,BBCNews
-0.7003,0.453,0.547,0.0,Man held for terror offences at Gatwick Airport https://t.co/iJFKKQpH8g,2018-04-07 16:04:10,41,BBCNews
0.0,0.0,1.0,0.0,"RT @BBCSport: FT: Everton 0-0 Liverpool

The Toffees almost bagged a last-minute goal after coming into their own in the second half.

Mean…",2018-04-07 13:24:58,42,BBCNews
0.5719,0.0,0.709,0.291,Commonwealth Games: England's Adam Peaty wins 100m breaststroke gold https://t.co/8IJPDVzIdY,2018-04-07 13:06:06,43,BBCNews
0.4767,0.0,0.866,0.134,"RT @BBCSport: Day 3 - Commonwealth Games #GC2018 

Adam Peaty added to his gold medal haul. 
Scotland's Neil Fachie equalled the Scottish C…",2018-04-07 12:38:39,44,BBCNews
0.7003,0.0,0.608,0.392,Peter Kay's Car Share: Fans praise finale at Blackpool screening https://t.co/MEStaVacWE,2018-04-07 12:33:46,45,BBCNews
0.0,0.0,1.0,0.0,Russian spy: Embassy requests meeting with Boris Johnson https://t.co/VH66Y2hGQh,2018-04-07 11:43:06,46,BBCNews
0.5719,0.0,0.821,0.179,"RT @BBCSport: The Aussie wins the Women's 500m time trial Commonwealth title, ahead of team-mate Stephanie Morton.

➡ https://t.co/QG2Yuv1N…",2018-04-07 10:59:53,47,BBCNews
0.0,0.0,1.0,0.0,Stephen Lawrence: Mother says Met should be 'honest' about investigation https://t.co/YgNSAyqUOV,2018-04-07 10:29:55,48,BBCNews
-0.4767,0.279,0.721,0.0,Nine men arrested in Derby child sex raids https://t.co/QguPcmFmPo,2018-04-07 10:27:03,49,BBCNews
0.0,0.0,1.0,0.0,Prince Charles gets new Chief title on Vanuatu https://t.co/ajtHH2oEmA,2018-04-07 10:21:01,50,BBCNews
0.0,0.0,1.0,0.0,"RT @BBCWorld: Salman Khan, Bollywood superstar, bailed in poaching case https://t.co/nXoRkeloES",2018-04-07 10:15:02,51,BBCNews
0.6588,0.0,0.834,0.166,"RT @BBCSport: And a superb final push from Scotland's Duncan Scott gets him the bronze!

Scott finishes in 1:56.50 to claim the final medal…",2018-04-07 09:46:05,52,BBCNews
0.7088,0.0,0.763,0.237,"RT @BBCSport: 👏 He's done it! 👏

South Africa's Chad le Clos wins a third straight men's 200m butterfly title - in a Games record 1:54.00…",2018-04-07 09:46:02,53,BBCNews
0.0,0.0,1.0,0.0,Sisters give birth in same night at Blackburn Birth Centre https://t.co/0re2p5SQ6a,2018-04-07 09:40:50,54,BBCNews
-0.25,0.182,0.818,0.0,GP Cyprian Okoro struck off after naked WhatsApp photos https://t.co/Bs3qobYc4w,2018-04-07 09:40:50,55,BBCNews
0.0,0.0,1.0,0.0,Mum flew daughter abroad for surgery after NHS treatment delays in Northern Ireland https://t.co/jfzk7alDiC,2018-04-07 09:32:39,56,BBCNews
0.0,0.0,1.0,0.0,"RT @BBCWalesNews: 🐚 Fancy massaging molluscs on your face?
The humble whelk could be the future of eco-friendly buffing https://t.co/269OhW…",2018-04-07 09:11:40,57,BBCNews
0.6239,0.0,0.843,0.157,RT @BBCSport: Wow! It's gold for Sophie Thornhill and Helen Scott in the women's B&amp;VI 1000m time trial final and they've absolutely smashed…,2018-04-07 09:08:07,58,BBCNews
0.0,0.0,1.0,0.0,RT @BBCEngland: Two sisters gave birth within five hours of each other at the same birthing centre - with family members rushing between ne…,2018-04-07 09:01:34,59,BBCNews
0.0,0.0,1.0,0.0,Needles found on baby changing table in Plymouth McDonald's https://t.co/MwC8p4hl4K,2018-04-07 08:45:27,60,BBCNews
0.0,0.0,1.0,0.0,"RT @BBCSport: Here's the very latest #GC2018 medals table.

Lots more could be added in the next few hours. 🙌 

➡ https://t.co/QG2YuuKcq1 #…",2018-04-07 07:46:23,61,BBCNews
0.7783,0.0,0.736,0.264,"RT @BBCSport: 👊👊👊

Zoe Smith won a silver medal for @TeamEngland in the women's -63kg weightlifting after compatriot Jack Oliver took silve…",2018-04-07 07:41:57,62,BBCNews
0.4019,0.0,0.803,0.197,Old holiday photos plea at Talacre and Gronant to show changes https://t.co/lC4Mh5wJIU,2018-04-07 07:29:45,63,BBCNews
0.0,0.0,1.0,0.0,Cambridge college 'touched' by Hawking graffiti https://t.co/RVTA7YrZu5,2018-04-07 07:29:44,64,BBCNews
-0.8316,0.527,0.473,0.0,Teenager arrested after homeless man's murder in Maghera https://t.co/HDAdpwLUPD,2018-04-07 07:29:44,65,BBCNews
0.0,0.0,1.0,0.0,"RT @BBCSport: What a performance from Zoe Smith.

She is ‘buzzing’ #GC2018 

More on her weightlifting silver: https://t.co/peO67Zx2Ht http…",2018-04-07 07:28:30,66,BBCNews
0.0,0.0,1.0,0.0,"RT @BBCSport: Commonwealth Games #GC2018

So far on day 3 (07:00 BST)
England 🥇🥇🥇🥈🥈
Wales ➖
Northern Ireland ➖
Scotland ➖

Wales' Tesni Eva…",2018-04-07 06:02:04,67,BBCNews
-0.6249,0.339,0.661,0.0,London violence: Extra Met Police officers on patrol https://t.co/ERfftZr3aP,2018-04-07 03:48:44,68,BBCNews
0.5106,0.0,0.732,0.268,Vietnam rescue dog gives new owner slip in Paris https://t.co/NIYL1zNSKj,2018-04-07 02:49:38,69,BBCNews
-0.6249,0.389,0.611,0.0,Scottish school exclusions over weapon attacks at five-year high https://t.co/4emhx9wmL8,2018-04-06 23:27:08,70,BBCNews
-0.6369,0.51,0.49,0.0,Holidaymakers warned about fake accommodation bookings https://t.co/tCejhg8g1E,2018-04-06 23:06:49,71,BBCNews
0.7506,0.0,0.484,0.516,"Saturday's Sun: ""Free cheers"" (via @hendopolis) #tomorrowspaperstoday https://t.co/qdYhh6n379",2018-04-06 21:39:35,72,BBCNews
0.0,0.0,1.0,0.0,"Saturday's Mail: ""Stephen's mother: it's time to move on"" (via @hendopolis) #tomorrowspaperstoday https://t.co/xWQsNuGOvV",2018-04-06 21:39:27,73,BBCNews
0.0,0.0,1.0,0.0,New Quay coastal path deaths: Pair named locally https://t.co/V7JbtDpzLO,2018-04-06 21:13:09,74,BBCNews
0.0,0.0,1.0,0.0,"Saturday's Express: ""Victory for common sense"" (via @hendopolis) #tomorrowspaperstoday https://t.co/Sl1jDNJ9Ia",2018-04-06 21:03:01,75,BBCNews
-0.6597,0.286,0.714,0.0,"Saturday's Star: ""Evil Rose West in hospital dash"" (via @hendopolis) #tomorrowspaperstoday https://t.co/EmdHuGAJQR",2018-04-06 21:02:54,76,BBCNews
-0.8271,0.401,0.599,0.0,"Saturday's Telegraph: ""Police abandon two in three burglary victims as crime soars"" (via @hendopolis) #tomorrowspaperstoday https://t.co/zfi4MTIk05",2018-04-06 20:54:10,77,BBCNews
0.0,0.0,1.0,0.0,"Saturday's Independent: ""Skripals to reveal key clues"" (via @hendopolis) #tomorrowspaperstoday https://t.co/JSgU5dRlpK",2018-04-06 20:54:06,78,BBCNews
0.5719,0.0,0.657,0.343,"Saturday's Times: ""Top DJ profits from gangs"" (via @hendopolis) #tomorrowspaperstoday https://t.co/sE067ghtfu",2018-04-06 20:54:01,79,BBCNews
-0.8625,0.417,0.583,0.0,"Saturday's i: ""Murder probe into Russian's sudden death in Surrey"" (via @hendopolis) #tomorrowspaperstoday https://t.co/4xt8WFU90u",2018-04-06 20:36:48,80,BBCNews
0.0,0.0,1.0,0.0,"Saturday's FT: ""US takes aim at Russian oligarchs"" (via @hendopolis) #tomorrowspaperstoday https://t.co/KirnFeVDgl",2018-04-06 20:36:39,81,BBCNews
-0.7506,0.348,0.652,0.0,"Saturday's Morning Star: ""Britain protests against Israel's killings in Gaza"" (via @hendopolis) #tomorrowspaperstoday https://t.co/YANI8CSDRY",2018-04-06 20:36:29,82,BBCNews
0.2023,0.0,0.893,0.107,"RT @BBCSport: FT England 0-0 Wales

Wales stay top of the group.

Reaction: https://t.co/IWSuYRxgwY #bbcfootball https://t.co/zNUbPGb63X",2018-04-06 19:57:02,83,BBCNews
-0.7269,0.55,0.45,0.0,No further action after 'burglar' death https://t.co/fH6rW8Jfrd,2018-04-06 17:25:54,84,BBCNews
-0.6249,0.291,0.709,0.0,London violence: Met chief says police have control of streets https://t.co/3bhsS0JE7U,2018-04-06 17:08:31,85,BBCNews
-0.8555,0.573,0.427,0.0,Grenfell Tower fire 'widow' Joyce Msokeri jailed for fraud https://t.co/s5KSQbUMzh,2018-04-06 17:00:31,86,BBCNews
0.25,0.0,0.909,0.091,"RT @BBCSport: Pep Guardiola says Man City were offered the chance to sign Paul Pogba and Henrikh Mkhitaryan in January. 

👉 https://t.co/tA…",2018-04-06 16:25:20,87,BBCNews
-0.6486,0.35,0.65,0.0,Sophie Lionnet's alleged killer 'would eat ex-partner raw' https://t.co/EAhXIC6uMC,2018-04-06 16:22:45,88,BBCNews
0.0,0.0,1.0,0.0,RT @BBCWorld: When the weather is so cold that you can't bear to get up 🐻 https://t.co/v2F03V5DNw,2018-04-06 15:52:11,89,BBCNews
-0.1877,0.07,0.93,0.0,RT @BBCJLandale: Breaking: the BBC has learned that the UK authorities have told Victoria Skripal that she will not be granted a visa to co…,2018-04-06 15:47:23,90,BBCNews
0.0,0.0,1.0,0.0,"RT @BBCRealityCheck: Is #violence increasing exponentially?
https://t.co/ZimW9cq9Kk https://t.co/9lt7OwWYce",2018-04-06 15:13:26,91,BBCNews
0.4574,0.0,0.864,0.136,"RT @bbcweather: Warmest day of the year so far in the UK! 16.9C in St James's Park, London. Jo https://t.co/bwJSZg7lL7",2018-04-06 14:51:06,92,BBCNews
-0.6124,0.252,0.676,0.072,"RT @BBCWorld: UFC fighter Conor McGregor seen in handcuffs after being charged with assault by NYPD 

https://t.co/I7NCUzoTTt https://t.co/…",2018-04-06 14:46:26,93,BBCNews
0.5106,0.0,0.752,0.248,Spain hopeful of Gibraltar deal with the UK by summer https://t.co/VfVl6yKG9o,2018-04-06 14:12:32,94,BBCNews
0.6705,0.0,0.732,0.268,"RT @BBCWorld: Amazing Amazon discoveries.

Nine new species found where few scientists have gone before https://t.co/zotjXICtnJ #Longreads…",2018-04-06 14:07:32,95,BBCNews
0.2023,0.0,0.847,0.153,UK chains Bargain Booze and Wine Rack sold to Bestway https://t.co/1SOCCBRM5u,2018-04-06 14:01:35,96,BBCNews
-0.5423,0.304,0.696,0.0,Electronic tag numbers up as prisoner population falls https://t.co/s0pO3BxfGJ,2018-04-06 13:54:52,97,BBCNews
-0.34,0.324,0.676,0.0,Arrest in London teen shooting https://t.co/AYqfTgdD7d,2018-04-06 13:35:35,98,BBCNews
0.0,0.0,1.0,0.0,Burglar breaks into Longton house and takes a bath https://t.co/zrgTXwtg29,2018-04-06 13:35:34,99,BBCNews
-0.2263,0.13,0.769,0.1,".@Oprah reports on the Alabama memorial dedicated to thousands of African-American men, women and children lynched over a 70-year period following the Civil War.  https://t.co/QcSCS1mBf0 https://t.co/02yS6ywP3X",2018-04-08 23:45:01,0,CBSNews
-0.8422,0.242,0.673,0.084,Russian operatives launched a widespread cyberattack against state voting systems during the 2016 presidential election. Former officials say no votes were changed but an Election Day attack could have created chaos at the polls. https://t.co/2gCIBg8pas https://t.co/AISEWQmjqW,2018-04-08 23:19:51,1,CBSNews
-0.34,0.167,0.833,0.0,Trump Tower fire is second 2018 blaze in sprinkler-free residential tower https://t.co/czbnznwLDr https://t.co/hVnTmAftrF,2018-04-08 23:03:04,2,CBSNews
0.4404,0.0,0.917,0.083,"WATCH: Nun runs 10K race in her habit. But this feat is nothing for Sister Mary Beth Lloyd, who has run races up to 100 miles long -- all for a good cause. https://t.co/JwJVk99ANg",2018-04-08 22:45:36,3,CBSNews
0.0,0.0,1.0,0.0,"U.S. confirms North Korea's Kim Jong Un willing to talk denuclearization, official says https://t.co/4V6ujZMHS0 https://t.co/n3kj6J9e34",2018-04-08 22:25:00,4,CBSNews
0.128,0.0,0.919,0.081,"Tonight, #60Minutes looks at the widespread cyberattack Russian operatives launched on U.S. election systems in 2016. https://t.co/4pOXusIOpi https://t.co/UcA4lDYVOj",2018-04-08 22:05:30,5,CBSNews
0.2263,0.046,0.885,0.07,"At an illustrious university, famous for taking itself seriously, one student magazine’s staff devotes itself to publishing parody, pulling pranks and causing general mayhem. Jon Wertheim reports on The Harvard Lampoon, tonight #60Minutes https://t.co/LpnsBPb4z6 https://t.co/9Mzsgnu3hq",2018-04-08 21:45:29,6,CBSNews
-0.3071,0.177,0.765,0.058,"Trump Tower fire victim was avid art collector who spent time with Andy Warhol, but fell on hard financial times in recent years https://t.co/b5mGwiOHZj https://t.co/Hy4M83KdgZ",2018-04-08 21:31:01,7,CBSNews
0.0,0.0,1.0,0.0,WATCH: A golfer fed up with winter weather in the spring decides to tee off in the snow. Guess that's why they don't hold The Masters in Minnesota. https://t.co/6pQhM8VGnX https://t.co/brwA07JiOz,2018-04-08 21:25:37,8,CBSNews
-0.5994,0.112,0.888,0.0,"Tonight, @Oprah Winfrey reports on a new monument going up in Montgomery, Ala. that documents the lynchings of African-American men, women and children during a 70-year period following the Civil War. #60Minutes https://t.co/VsZ55Jnb7h https://t.co/w59Edvamlo",2018-04-08 21:05:57,9,CBSNews
0.4939,0.0,0.882,0.118,"WATCH: 400 decorative boats set sail for the 2018 Qintong Boat Festival, with more than 10,000 participants in colorfully-decorated canoes and dragon boat races. https://t.co/5xSOUa8oIT",2018-04-08 20:45:36,10,CBSNews
0.0,0.0,1.0,0.0,"Bernie Taupin, Elton John's musical collaborator for over 50 years, is a man of lyrics, and now art https://t.co/J4iCGlUh8g https://t.co/uQTRowEXsS",2018-04-08 20:25:01,11,CBSNews
0.3182,0.14,0.585,0.275,Jimmy Kimmel apologizes for gay joke amid feud with Sean Hannity https://t.co/NSqvyaDcjD https://t.co/8VDKuiI8S2,2018-04-08 20:08:02,12,CBSNews
-0.836,0.527,0.473,0.0,Man arrested for Indianapolis knife attack that injured 3 people  https://t.co/wK0mveSbgE https://t.co/O7ESB4td8Y,2018-04-08 19:45:01,13,CBSNews
0.0,0.0,1.0,0.0,"Tina Fey is now bringing ""Mean Girls"" -- her 2004 film about teen cliques -- to Broadway, as a musical https://t.co/kLLC5kzj6B https://t.co/LimUHfgo45",2018-04-08 19:25:02,14,CBSNews
0.2023,0.0,0.87,0.13,"Antonio Banderas on playing Pablo Picasso in the new series, ""Genius"" https://t.co/lBWqzsdTDS https://t.co/5xplnqt0sB",2018-04-08 19:05:01,15,CBSNews
-0.9337,0.314,0.686,0.0,"A suspected chemical attack in the Syrian city of Douma suffocated dozens to death, opposition groups said. President Trump blamed Syrian President Bashar Assad, who he called ""Animal Assad,"" and his international allies for the apparent attack. https://t.co/GOXad0b4Mj https://t.co/6XOqxLYwiJ",2018-04-08 18:45:37,16,CBSNews
-0.34,0.082,0.918,0.0,Joe Kennedy III talks about following in the family tradition of politics; his stands on healthcare reform and gun control; and speculation about the White House https://t.co/P8V2gaucnR https://t.co/CWu0YNe0MW,2018-04-08 18:25:01,17,CBSNews
-0.7096,0.312,0.688,0.0,German police detain 6 people in connection to planned knife attack at Berlin half-marathon https://t.co/q6ggwvT4gs https://t.co/eAliLIGs3p,2018-04-08 18:05:01,18,CBSNews
0.0,0.0,1.0,0.0,What has Mark Zuckerberg learned from Facebook's data controversy? https://t.co/S1nsDwju9g https://t.co/9GAwnjyw34,2018-04-08 17:45:01,19,CBSNews
-0.6124,0.294,0.706,0.0,Sen. Ben Cardin calls for international response to suspected Syria chemical attack https://t.co/SWuCk2QY0y https://t.co/gGCpfAOICe,2018-04-08 17:25:01,20,CBSNews
-0.8689,0.302,0.651,0.047,"Treasury Secretary Steve Mnuchin joined @FaceTheNation to discuss the trade dispute with China, the possibility of an all-out trade war and the recent suspected chemical attack in Syria https://t.co/3YTAgOsoZp https://t.co/WkU0Hffc7e",2018-04-08 17:05:01,21,CBSNews
-0.7964,0.192,0.808,0.0,"WATCH: An explosion went off in the aisle of a California store, sending shocked customers running. Police now think the bombing suspect may be linked to the robber who dressed as a pizza delivery man in a nearby town. https://t.co/qATPuR7pau",2018-04-08 16:45:39,22,CBSNews
0.0,0.0,1.0,0.0,"Ahead of Zuckerberg's testimony, Sen. John Kennedy says privacy is ""too big for Facebook to fix"" https://t.co/JfAXfA3FtW https://t.co/KkAknfBpHL",2018-04-08 16:25:04,23,CBSNews
0.0,0.0,1.0,0.0,"WATCH: Explosives detonate underneath a frozen river, sending plumes of ice flying high into the air https://t.co/0HeYxEVfMN",2018-04-08 16:05:38,24,CBSNews
0.0258,0.074,0.825,0.101,"Is there a better way to file your taxes? 
Advocates say a pre-filled tax return system, as used in other countries, would save Americans time and money -- but the tax preparation industry has fought back https://t.co/DM8TvibkN7 https://t.co/2rFyjW0TaE",2018-04-08 15:45:01,25,CBSNews
0.0,0.0,1.0,0.0,The Masters 2018: How to watch Round 4 on TV and online https://t.co/b0XMGwexXM https://t.co/HMjwjZ4jvJ,2018-04-08 15:25:01,26,CBSNews
0.0,0.0,1.0,0.0,"Sen. John Kennedy joined @FaceTheNation to discuss Facebook CEO Mark Zuckerberg's testimony before Congress, Cambridge Analytica and more https://t.co/t4LSpdmgJP https://t.co/Ilp9Gw3lhp",2018-04-08 15:05:01,27,CBSNews
-0.7783,0.19,0.81,0.0,"A fire engulfed an apartment inside Trump Tower in New York on Saturday, killing one man inside and injuring 6 out of the nearly 200 firefighters that responded to the blaze https://t.co/Jok6mu77cE https://t.co/DxTlIlhh9F",2018-04-08 14:45:42,28,CBSNews
-0.6908,0.305,0.695,0.0,"President Trump threatens ""Animal Assad"" and Putin over alleged chemical attack in Syria https://t.co/QkmxBH8NOq https://t.co/377fZEYcAz",2018-04-08 14:31:01,29,CBSNews
-0.0516,0.112,0.785,0.103,"Laura Ingraham due back at Fox News following backlash after mocking David Hogg, a survivor of the Florida school shooting https://t.co/UfmD2m7Gau https://t.co/Nu0EOEYeBD",2018-04-08 14:01:01,30,CBSNews
-0.7717,0.379,0.621,0.0,"Fire at Trump Tower leaves 1 civilian dead, 6 firefighters with minor injuries https://t.co/wnY6sgxOPV https://t.co/GteQf4TJY9",2018-04-08 13:41:01,31,CBSNews
-0.7351,0.419,0.581,0.0,"Dozens suffocate in suspected chemical weapon attack in Syria, opposition says https://t.co/GPqQqurhwm https://t.co/snBl5kHDqK",2018-04-08 13:21:01,32,CBSNews
0.0,0.0,1.0,0.0,Worker at store where YouTube shooter bought her pistol speaks out https://t.co/LWhVL3Z5oY https://t.co/3144Fr6HjD,2018-04-08 13:03:04,33,CBSNews
0.2263,0.203,0.526,0.271,"Florida school shooting hero blames sheriff, superintendent https://t.co/OWSJkgZlBS https://t.co/WTtiaCyAzd",2018-04-08 12:48:04,34,CBSNews
0.0,0.0,1.0,0.0,"Puerto Rico running out of time as storm season approaches, FEMA says https://t.co/PZN7tFDdmr https://t.co/QndtU0Sivo",2018-04-08 12:33:03,35,CBSNews
-0.7351,0.419,0.581,0.0,"Dozens suffocate in suspected chemical weapon attack in Syria, opposition says https://t.co/CAhEIlPpEq https://t.co/MJfGuZljzg",2018-04-08 12:30:11,36,CBSNews
-0.6124,0.325,0.55,0.125,Al Sharpton and Parkland shooting survivor announce June rally against gun violence https://t.co/XwivxaMyAj https://t.co/5K5kv5QGid,2018-04-08 12:18:04,37,CBSNews
-0.7184,0.382,0.529,0.088,Man in legal battle to annul his own death certificate https://t.co/HRU3o9l3Dp https://t.co/kgt5qMKo79,2018-04-08 12:03:04,38,CBSNews
0.4215,0.0,0.823,0.177,"Rep. Joe Kennedy III: Arming teachers to make schools safer is ""absurd"" https://t.co/Fmg0PWXJkC https://t.co/Bj2K50jlcm",2018-04-08 11:48:04,39,CBSNews
-0.5423,0.259,0.741,0.0,Will Blake Farenthold reimburse taxpayers for $84K harassment settlement? https://t.co/FTdcr7v4Kj https://t.co/wsr76ZwDIb,2018-04-08 11:33:04,40,CBSNews
0.5719,0.0,0.709,0.291,"Smithsonian celebrates 50th anniversary of ""2001: A Space Odyssey"" https://t.co/gJmSI2hYi1 https://t.co/z5VUHO6PNP",2018-04-08 11:18:03,41,CBSNews
0.0,0.0,1.0,0.0,Heavy rain in Northern California may test spillway at nation's tallest dam https://t.co/g10f10w3IO https://t.co/JNxCDpQM9W,2018-04-08 11:03:04,42,CBSNews
-0.7506,0.444,0.556,0.0,Gaza buries journalist killed while covering mass protests https://t.co/75tRocr7K0 https://t.co/uZ3YZBFIAe,2018-04-08 10:48:03,43,CBSNews
0.0,0.0,1.0,0.0,Lobbyist tied to condo rented by EPA chief Scott Pruitt speaks out https://t.co/oCbTOrxsrN https://t.co/FOKuHJK8eP,2018-04-08 10:33:03,44,CBSNews
-0.5994,0.281,0.719,0.0,Trade war with China: What you need to know https://t.co/omFRAX9rtV https://t.co/BN46bMPo8I,2018-04-08 10:18:03,45,CBSNews
-0.2732,0.208,0.792,0.0,Teens say they’re bored with their smartphones https://t.co/E1emEaLQ9Q https://t.co/5lh1GqX1y8,2018-04-08 10:03:04,46,CBSNews
-0.9062,0.447,0.553,0.0,"Report: Man accused of killing family told professor, ""I think I need to kill my mom"" https://t.co/8YkFfHJoWS https://t.co/HmLFijG8qs",2018-04-08 09:48:03,47,CBSNews
-0.296,0.239,0.761,0.0,"Road collapses in Pittsburgh, prompting evacuations https://t.co/J0q2o3Ywgm https://t.co/dNPG9m3O6X",2018-04-08 09:33:05,48,CBSNews
0.0,0.0,1.0,0.0,Howard University sit-in ends after record 9 days https://t.co/atXWIAoa27 https://t.co/9gVn5Zp7jt,2018-04-08 09:18:04,49,CBSNews
-0.128,0.2,0.629,0.171,"Jury awards $3M to LAPD officer who claimed sexual harassment, retaliation https://t.co/30VMxgpZZI https://t.co/0plGjinZMO",2018-04-08 09:03:04,50,CBSNews
-0.34,0.228,0.633,0.139,"AG Sessions orders ""zero tolerance"" policy on illegal border crossings https://t.co/Rc4lx9thQj https://t.co/o4omTXxI1M",2018-04-08 08:48:03,51,CBSNews
-0.7264,0.209,0.791,0.0,"PetSmart is drawing more unwanted attention after the death of a third dog in five months at one of its more than 1,500 stores https://t.co/fXHxik24lo https://t.co/U2EZnqkBw0",2018-04-08 08:33:04,52,CBSNews
0.4939,0.0,0.738,0.262,House Oversight Committee reviewing Scott Pruitt condo agreement https://t.co/LW3jPkO1mf https://t.co/2LRdnWzAwS,2018-04-08 08:18:04,53,CBSNews
0.5719,0.0,0.709,0.291,"Smithsonian celebrates 50th anniversary of ""2001: A Space Odyssey"" https://t.co/vr3IF72NIy https://t.co/fA2mqJQeuf",2018-04-08 08:03:04,54,CBSNews
-0.4939,0.242,0.758,0.0,Mission to find a stolen wallet changes one man's life https://t.co/pH02oCiNZ4 https://t.co/x1nJ3mL0sz,2018-04-08 07:48:03,55,CBSNews
0.0,0.0,1.0,0.0,Doors from New York City's famed Chelsea Hotel head to auction https://t.co/z22kMnYTuV https://t.co/Jf6iQ5nvZ0,2018-04-08 07:33:03,56,CBSNews
-0.6249,0.339,0.661,0.0,The 9 states where teachers have it worst https://t.co/LG47LEkTMm https://t.co/er86M0V9xu,2018-04-08 07:18:04,57,CBSNews
-0.5859,0.348,0.652,0.0,"Even in gun country, Democrats shift towards gun control https://t.co/OZjwuMbErM https://t.co/oaTg0N9b5S",2018-04-08 07:03:04,58,CBSNews
-0.4588,0.231,0.769,0.0,YouTube shooting spotlights creators' frustrations with monetization policy changes https://t.co/J5aI5fKXIz https://t.co/xl76Fgx1iM,2018-04-08 06:48:04,59,CBSNews
-0.4588,0.2,0.8,0.0,"President Trump freezes out chief of staff John Kelly, says he's ""tired of being told 'no'"" https://t.co/1S4iJYxhGu https://t.co/y1rjFWvASW",2018-04-08 06:33:04,60,CBSNews
0.0,0.0,1.0,0.0,Baby delivered after pregnant woman is shot in head in Ohio https://t.co/qooeM004mm https://t.co/dTjUNMlgMZ,2018-04-08 06:18:05,61,CBSNews
0.6705,0.0,0.703,0.297,Tennessee may change its Constitution to say God is only source of liberty https://t.co/VR610VMBAT https://t.co/nNHxyjV7uQ,2018-04-08 06:03:04,62,CBSNews
-0.5859,0.348,0.652,0.0,"Even in gun country, Democrats shift towards gun control https://t.co/grfx8NdvxW https://t.co/rzcc7E5kGO",2018-04-08 05:48:03,63,CBSNews
-0.34,0.156,0.844,0.0,South Carolina state House Republicans introduce bill on secession over gun rights https://t.co/LLJl9nK6AX https://t.co/WRfSjQEDCT,2018-04-08 05:33:04,64,CBSNews
-0.743,0.412,0.588,0.0,Carolina Panthers linebacker Thomas Davis suspended for PED violation https://t.co/kPj5ML2rR4 https://t.co/SK7IDGimEu,2018-04-08 05:18:03,65,CBSNews
-0.2023,0.196,0.655,0.149,Maine mayor faces backlash over tweeted insult of Parkland shooting survivor https://t.co/JFZ3Lgz7QT https://t.co/ztX9mbZ3Aq,2018-04-08 05:03:04,66,CBSNews
-0.4019,0.162,0.838,0.0,"Hart family crash: Body recovered near where SUV went off cliff, sheriff says https://t.co/oLuxXTIiXH https://t.co/tujpUrVlnI",2018-04-08 04:58:05,67,CBSNews
0.0,0.0,1.0,0.0,First grader discovers her “new” textbook was used by Blake Shelton — in 1982 https://t.co/N8Np3EuXVZ https://t.co/b2iVE3gYhL,2018-04-08 04:48:04,68,CBSNews
-0.34,0.138,0.862,0.0,"""I'm not going to be a Gabby Giffords"": Congressman pulls out gun at constituent meeting https://t.co/WpL6ggoYaR https://t.co/AxpeeHsbef",2018-04-08 04:33:04,69,CBSNews
0.34,0.0,0.806,0.194,"Homeland Security to compile database of journalists, media influencers https://t.co/utkB5pTd6q https://t.co/mmEirlITMx",2018-04-08 04:18:03,70,CBSNews
-0.34,0.179,0.821,0.0,Trump Tower fire is second 2018 blaze in sprinkler-free residence https://t.co/lqhFJLYbmo https://t.co/vJYee4t3pB,2018-04-08 04:12:04,71,CBSNews
-0.2023,0.196,0.655,0.149,Maine mayor faces backlash over tweeted insult of Parkland shooting survivor https://t.co/S3XMaVJiES https://t.co/DBBUTIJ6mu,2018-04-08 04:03:04,72,CBSNews
-0.5423,0.36,0.64,0.0,Trump Tower fire: Victim identified as Todd Brassner https://t.co/U4RlYGS1pP https://t.co/fU0jtFvX6x,2018-04-08 03:58:04,73,CBSNews
-0.743,0.412,0.588,0.0,Carolina Panthers linebacker Thomas Davis suspended for PED violation https://t.co/7BzDCEFsHV https://t.co/DqgiRuHqEZ,2018-04-08 03:48:04,74,CBSNews
-0.0516,0.164,0.685,0.151,Sean Hannity feuds with Jimmy Kimmel over Melania Trump joke https://t.co/BtSlyNTTiy https://t.co/IFVGMtgrwd,2018-04-08 03:33:04,75,CBSNews
-0.4939,0.242,0.758,0.0,Mission to find a stolen wallet changes one man's life https://t.co/M2PKBnOZyd https://t.co/lxefZwCmae,2018-04-08 03:18:04,76,CBSNews
-0.6705,0.282,0.718,0.0,Miami dad arrested after 8-year-old son brings loaded gun to school in book bag https://t.co/yYLtrwY2D9 https://t.co/pPLS48WrkC,2018-04-08 03:03:05,77,CBSNews
0.34,0.0,0.833,0.167,EPA spent millions on security for embattled chief Scott Pruitt: Report https://t.co/hXgRXKuQME https://t.co/0GcRdRYXvl,2018-04-08 02:48:03,78,CBSNews
0.7351,0.0,0.64,0.36,Teen who fell into Los Angeles sewer system thanks rescue crews https://t.co/RHidw32sUF https://t.co/IaIUiKKdvp,2018-04-08 02:33:03,79,CBSNews
0.0,0.0,1.0,0.0,Doors from New York City's famed Chelsea Hotel head to auction https://t.co/DZoqj5DKel https://t.co/vle0F4pGu3,2018-04-08 02:18:04,80,CBSNews
0.4939,0.0,0.738,0.262,House Oversight Committee reviewing Scott Pruitt condo agreement https://t.co/tD4sryDIEz https://t.co/qmdfrt1hay,2018-04-08 02:03:05,81,CBSNews
-0.8779,0.552,0.448,0.0,Condemned killer seen abducting young victim on camera to be resentenced https://t.co/rLMlW7Pbyt https://t.co/yoQ3U7kzvY,2018-04-08 01:48:04,82,CBSNews
0.0,0.0,1.0,0.0,Earthquakes in northwest Oklahoma include magnitude 4.6 https://t.co/05DtXXxc2e https://t.co/1PCEblrltg,2018-04-08 01:33:04,83,CBSNews
0.0,0.0,1.0,0.0,"Steve Spurrier to coach Orlando team in new spring league, Alliance of American Football https://t.co/2ZGESkSvlp https://t.co/aunv2cNGX1",2018-04-08 01:18:04,84,CBSNews
0.0,0.0,1.0,0.0,California storm: West Coast still drenched after second rainiest day since 1849 Gold Rush https://t.co/x3uf3JwNBu https://t.co/ViYck8P3uk,2018-04-08 01:10:04,85,CBSNews
-0.4588,0.231,0.769,0.0,YouTube shooting spotlights creators' frustrations with monetization policy changes https://t.co/wwMxHRzu8I https://t.co/wrogEcA0W4,2018-04-08 01:03:03,86,CBSNews
-0.296,0.155,0.845,0.0,Northern California rains raise flood concerns; warnings and watches in effect https://t.co/jeGeVqBwET https://t.co/0qy3wdmui3,2018-04-08 00:48:04,87,CBSNews
0.0,0.0,1.0,0.0,"Older adults can still grow new brain cells, study finds https://t.co/QvvbLsyHET https://t.co/4DnulQfJO9",2018-04-08 00:33:03,88,CBSNews
-0.8316,0.444,0.556,0.0,UPDATE: A civilian has died after a fire broke out in NYC's Trump Tower https://t.co/uf0Gb8XpuC https://t.co/jGuHCT8H5y,2018-04-08 00:31:01,89,CBSNews
-0.7506,0.33,0.67,0.0,Family outraged after video of toddler frightened by the Easter Bunny goes viral https://t.co/YZYCniGYeM https://t.co/RAao2tYBQE,2018-04-08 00:18:03,90,CBSNews
-0.4588,0.333,0.667,0.0,"Doctors warn of ""second wave"" of the flu https://t.co/dqBi324C6L https://t.co/zYDcRA1h0N",2018-04-08 00:03:04,91,CBSNews
-0.7845,0.264,0.736,0.0,UPDATE: The FDNY commissioner said 1 person is in critical condition and 4 firefighters suffered minor injuries in the 4-alarm fire at NYC's Trump Tower https://t.co/AFa5OdhVPn https://t.co/sWk592pZGt,2018-04-07 23:56:33,92,CBSNews
-0.5859,0.304,0.696,0.0,"Trump Tower fire: Fire breaks out on 50th floor, FDNY says https://t.co/kizrQ1Fzgo https://t.co/VTiXQpbiu1",2018-04-07 23:56:04,93,CBSNews
-0.8258,0.517,0.351,0.132,"Assault weapons ban doesn't violate 2nd Amendment, judge says https://t.co/8lXMOyntXX https://t.co/PAjqxjdzOY",2018-04-07 23:48:04,94,CBSNews
0.0,0.0,1.0,0.0,First grader discovers her “new” textbook was used by Blake Shelton — in 1982 https://t.co/oEL3A8ztlA https://t.co/GQDEeeyNPU,2018-04-07 23:33:04,95,CBSNews
-0.34,0.138,0.862,0.0,"""I'm not going to be a Gabby Giffords"": Congressman pulls out gun at constituent meeting https://t.co/jgVR9eUvwj https://t.co/5POjyKMEeT",2018-04-07 23:18:04,96,CBSNews
-0.6249,0.291,0.709,0.0,Opioid crisis: Facebook shuts down drug hashtags on Instagram https://t.co/cuIcjS6PWR https://t.co/PNSly4Ea0h,2018-04-07 23:10:05,97,CBSNews
0.34,0.0,0.806,0.194,"Homeland Security to compile database of journalists, media influencers https://t.co/7UJs8adrYN https://t.co/Qb9DZzOB2T",2018-04-07 23:03:04,98,CBSNews
0.3612,0.0,0.848,0.152,Sean Hannity vows to bash Jimmy Kimmel until he apologizes to Melania Trump https://t.co/F1vuC0pqdw https://t.co/9CHtfktEhu,2018-04-07 23:02:05,99,CBSNews
0.2023,0.0,0.878,0.122,"China has not wanted to 'talk in earnest,' top Trump economist says https://t.co/Qmb7XDtQfr https://t.co/v1ifOhkBln",2018-04-08 23:43:06,0,CNN
-0.5719,0.236,0.764,0.0,"""A Quiet Place"" leads box office as horror keeps making noise https://t.co/LkY7pKca2u https://t.co/L68gDDrjUG",2018-04-08 23:30:09,1,CNN
-0.3818,0.204,0.68,0.116,"Republican Rep. Trey Gowdy, the House Oversight Committee chairman, accuses the Department of Justice of stonewalling investigation into alleged FBI abuses https://t.co/4WERCDZR9l https://t.co/vvjzfD2JDi",2018-04-08 23:00:15,2,CNN
0.5859,0.0,0.863,0.137,Patrick Reed has finished at 15-under-par 273 to win the Masters by one stroke over Rickie Fowler. It's his first major golf title. https://t.co/VhBnNX89Lh https://t.co/R7JIAVryZw,2018-04-08 22:52:07,3,CNN
0.34,0.218,0.446,0.337,"""Fittest woman on earth"" wins gold medal after family tragedy https://t.co/ggWpSE11Tc https://t.co/vkochjbLHE",2018-04-08 22:45:06,4,CNN
-0.4588,0.25,0.75,0.0,"A year after the US attacked Syria, what's changed? https://t.co/KLxFWSs77Y https://t.co/u0Vxpoyq4n",2018-04-08 22:30:15,5,CNN
0.0,0.0,1.0,0.0,Inside the Houston House runoff that Democrats everywhere are watching https://t.co/MPyhLRhe4l https://t.co/OQQweUmA5V,2018-04-08 22:15:05,6,CNN
-0.7717,0.427,0.573,0.0,Dozens have died in a possible gas attack in Syria https://t.co/zWdPqd4SXa https://t.co/IuyQqaQQvg,2018-04-08 22:00:10,7,CNN
-0.4019,0.197,0.803,0.0,Body found in ocean near site of Hart family crash https://t.co/iMioXi2ikE https://t.co/0IBrFFI01v,2018-04-08 21:45:04,8,CNN
0.6588,0.0,0.785,0.215,"""Scott is doing a great job!"" President Trump defends embattled Environmental Protection Agency administrator Scott Pruitt https://t.co/sNKniAGfrr https://t.co/0OkCl3v7Og",2018-04-08 21:30:04,9,CNN
0.0,0.0,1.0,0.0,"White House chief of staff John Kelly's influence in the White House is diminishing, The Washington Post reports https://t.co/trzvVXNypa https://t.co/w6yYzRgQE6",2018-04-08 21:15:07,10,CNN
0.0,0.0,1.0,0.0,"Musician and National Rifle Association board member Ted Nugent likens Democrats, media, academics to ""rabid coyotes"" https://t.co/WW3YBY8llR https://t.co/3JuAZeaYWN",2018-04-08 21:00:07,11,CNN
-0.6124,0.417,0.583,0.0,"Lightning strike kills 1, injures 4 in Florida https://t.co/EWeVc4RN27 https://t.co/oN64XlUtqB",2018-04-08 20:45:06,12,CNN
0.0258,0.164,0.667,0.17,"Pilots had safety concerns months before NYC helicopter crash, lawyer says https://t.co/cdjCClnp82 https://t.co/3zyIYoHmMo",2018-04-08 20:30:08,13,CNN
0.0,0.0,1.0,0.0,Polls open as Hungary's Euroskeptic leader Orban seeks fourth term https://t.co/4CL9j8UXkF https://t.co/M08G460BIC,2018-04-08 20:15:04,14,CNN
0.0,0.0,1.0,0.0,"""Saturday Night Live"" returns to take shots at President Trump and Fox News https://t.co/SjH2wwaAfK https://t.co/a7ubQUY5kP",2018-04-08 20:00:18,15,CNN
0.1316,0.128,0.699,0.172,It's the great what if in political history. What if RFK’s political career had not been cut short by tragedy? #TheKennedys tonight at 9p on CNN. https://t.co/53BpsIZSGO,2018-04-08 19:45:18,16,CNN
0.0,0.0,1.0,0.0,Cambridge Analytica whistleblower says data could've come from more than 87 million users and be stored in Russia https://t.co/N0YwQSX4r2 https://t.co/K4UqoArS4q,2018-04-08 19:30:06,17,CNN
-0.8834,0.442,0.558,0.0,Hockey community grieves after 15 killed in bus crash involving Canadian junior hockey team https://t.co/m79DKnL27v https://t.co/bCJwCQMwsw,2018-04-08 19:15:07,18,CNN
0.0,0.0,1.0,0.0,Take a look at the week in politics https://t.co/gh3kvCmRB9 https://t.co/cq6Dbu1uLE,2018-04-08 19:00:10,19,CNN
0.0,0.0,1.0,0.0,JPMorgan Chase and other big banks take center stage https://t.co/lnX1KxEvA0 https://t.co/hF7c1W2ihF,2018-04-08 18:45:03,20,CNN
0.0,0.0,1.0,0.0,"""Black Panther"" passes ""Titanic"" at the box office https://t.co/8WgQH7sDJI https://t.co/xJA0PQLPe1",2018-04-08 18:30:05,21,CNN
0.5574,0.071,0.706,0.224,Equestrian Edwina Tops-Alexander returns from maternity leave with win in Miami Beach https://t.co/BQMOqCAmSb https://t.co/MAYLPz2CKi,2018-04-08 18:15:07,22,CNN
0.0,0.0,1.0,0.0,Democratic Sens. Bernie Sanders and Kamala Harris crossed the base. What will it cost them? https://t.co/JCUtpuoRJ5 | Analysis by Gregory Krieg https://t.co/g1fIRe4O7q,2018-04-08 18:00:15,23,CNN
-0.6249,0.389,0.611,0.0,"Muenster van attack driver acted alone, police say https://t.co/Dixeqp0Lpb https://t.co/aEyRD34VPx",2018-04-08 17:45:10,24,CNN
-0.7351,0.238,0.762,0.0,"President Trump blames Russian President Vladimir Putin, former President Barack Obama for ""Animal Assad,"" warns of ""big price"" after reports of Syrian chemical attack https://t.co/rJvfAYAmp4 https://t.co/q9ocF8vcbG",2018-04-08 17:30:07,25,CNN
-0.6597,0.268,0.732,0.0,"Father confesses to killing 5-year-old son who had autism, authorities say https://t.co/w5R6G14JD6 https://t.co/0VCAHzrmig",2018-04-08 17:15:10,26,CNN
-0.6124,0.25,0.75,0.0,"President Trump slams Russian President Vladimir Putin and ""Animal Assad"" after suspected Syria chemical attack https://t.co/JdVoIKU0Y5 https://t.co/Q6BojHcOh1",2018-04-08 17:00:14,27,CNN
-0.4215,0.149,0.851,0.0,President Trump denies the influence of White House chief of staff John Kelly is diminished https://t.co/OH0GUq7pq7 https://t.co/ZuDJcbkuOO,2018-04-08 16:45:07,28,CNN
-0.4767,0.129,0.871,0.0,"Republican Sen. Susan Collins says embattled Environmental Protection Agency Administrator Scott Pruitt is ""the wrong person to head the EPA"" https://t.co/eFCltqSCI9 https://t.co/yffm9qsivP",2018-04-08 16:30:06,29,CNN
0.2023,0.128,0.698,0.174,"Trump's favorite tactic is criminalizing his critics, writes Julian Zelizer for @CNNOpinion https://t.co/JMmCSz9e60 https://t.co/C2004D24ML",2018-04-08 16:15:08,30,CNN
-0.5122,0.202,0.798,0.0,"No, Sean Hannity, Jimmy Kimmel is not at all like Harvey Weinstein, writes Dean Obeidallah for @CNNOpinion https://t.co/QlNMnQOlaU https://t.co/5grjJ9i6h6",2018-04-08 16:00:09,31,CNN
0.0,0.0,1.0,0.0,"President Trump's Department of Veterans Affairs pick says he's ""got what it takes"" to be secretary https://t.co/hDYEeGt5Q0 https://t.co/TnloU3EObP",2018-04-08 15:45:45,32,CNN
0.5719,0.0,0.764,0.236,Fiji wins Hong Kong Sevens for a record fourth time in a row https://t.co/dUKDw9DZwH https://t.co/KQwoe9o51e,2018-04-08 15:37:03,33,CNN
-0.2023,0.167,0.725,0.109,"Sinclair allows critical ad to air, sandwiched between its defense https://t.co/ycNHghvdZE https://t.co/XZEWcSb5kf",2018-04-08 15:30:09,34,CNN
0.3612,0.0,0.918,0.082,"When an Oklahoma teacher revealed what the chairs in her classroom look like, she didn't imagine it would drive people to donate more than $44,000 in supplies https://t.co/6hO64U8wRg https://t.co/dn49FS2F2Z",2018-04-08 15:00:13,35,CNN
0.0,0.0,1.0,0.0,This is the first luxury hotel in space. You'll be able to visit in just four years — if you have $9.5 million to spare https://t.co/JOUpvAJOdI https://t.co/Ug0lFilPMr,2018-04-08 14:30:13,36,CNN
-0.0258,0.097,0.811,0.093,This Oklahoma student is excited that her textbook was used by country singer @BlakeShelton in the 1980s. Her mother is embarrassed. https://t.co/ZjjCOixpF9 https://t.co/GDYBDWMXFD,2018-04-08 14:00:08,37,CNN
-0.6249,0.175,0.825,0.0,"Sen. Susan Collins on EPA Administrator Scott Pruitt: “On policy grounds alone, I think Scott Pruitt is the wrong person to head the EPA” #CNNSOTU https://t.co/wbmHcnVM9C https://t.co/PEdvcGFSrQ",2018-04-08 13:45:09,38,CNN
-0.6808,0.221,0.697,0.082,"He got cancer after decades of using talcum powder. Now a jury has awarded him $30 million in compensatory damages, and his wife $7 million. https://t.co/wPSOZPtPuB https://t.co/1h69Ewcsds",2018-04-08 13:30:07,39,CNN
-0.8519,0.249,0.751,0.0,Maine Sen. Susan Collins condemns apparent chemical weapons attack in Syria as “absolutely horrific” and asks Trump to “ramp up” sanctions on Russia in order to oust Assad #CNNSOTU https://t.co/F8syUUSz9x https://t.co/uuvVRT8zWI,2018-04-08 13:28:29,40,CNN
0.2023,0.0,0.942,0.058,Kudlow explains Trump’s “original beef with Amazon”: “It’s not so much badmouthing … it’s lets have a level playing field for all the new internet retailing that is going on” https://t.co/vHZLZhb2nq https://t.co/I3lyDaA4ZU,2018-04-08 13:26:23,41,CNN
0.3804,0.046,0.852,0.102,"WH economic adviser to farmers on tariffs: “This process may turn out to be very benign. You have to take certain risks as you go in, we are taking them, we are making our case. Nothing has happened so far” #CNNSOTU https://t.co/UAITQ4C9zd",2018-04-08 13:18:41,42,CNN
-0.4019,0.091,0.909,0.0,"White House economic adviser Larry Kudlow: “The problem here is China, it is not President Trump … I think President Trump is doing exactly the right thing” #CNNSOTU https://t.co/kep8rLQjBR https://t.co/MwOqPCSfAb",2018-04-08 13:09:00,43,CNN
0.0,0.0,1.0,0.0,Virgin Galactic is one step closer to bringing tourists to space after this test flight https://t.co/ZCjzj9H641 https://t.co/hqDyPJBYKz,2018-04-08 13:00:01,44,CNN
0.4019,0.0,0.803,0.197,"Marijuana legalization could help offset the opioid epidemic, studies find https://t.co/f1jCFl3HGY https://t.co/90konlBWXC",2018-04-08 12:30:05,45,CNN
-0.8402,0.205,0.795,0.0,"New York police released a video of this man pointing a metal object as if he were brandishing a gun. He was later fatally shot by police after he pointed what officers believed was a gun at them, authorities said. https://t.co/bN3gNY1C4C https://t.co/5RWiaqWA6Z",2018-04-08 12:01:30,46,CNN
0.5096,0.071,0.762,0.167,"As Michigan ends a free bottled water program in Flint claiming the water quality has been restored, some residents don't believe it's safe to drink or use yet https://t.co/OcVhns8f7Z https://t.co/HbRyjLxNbr",2018-04-08 11:30:16,47,CNN
0.0772,0.0,0.966,0.034,"In 2014, a 23-year-old woman with cerebral palsy was allegedly gang-raped and thrown from a rooftop. 

A Human Rights Watch report cites this as just one example highlighting the additional challenges women and girls with disabilities face in India. https://t.co/DEOLD4IjDO https://t.co/8AfBz6VviE",2018-04-08 11:00:10,48,CNN
-0.7096,0.237,0.648,0.115,"Artificial intelligence scientists from around the world called for a boycott of a South Korean university over concerns it was working with a defense company to research autonomous weapons, or ""killer robots."" https://t.co/rpO9f5tFcz https://t.co/7to2B7WKJS",2018-04-08 10:30:08,49,CNN
0.6486,0.0,0.798,0.202,"The mystery of a 4,000-year-old ancient Egyptian mummy's head has finally been solved, after the FBI successfully extracted DNA from its tooth https://t.co/XYDzgpVsMF https://t.co/1U1tUjZ4Vw",2018-04-08 10:00:17,50,CNN
0.128,0.082,0.818,0.1,"This police officer in Chattanooga, Tennessee, took a break from hiding Easter eggs at an event for the holiday to bust a move with residents https://t.co/Upuz9u6KNj",2018-04-08 09:30:22,51,CNN
-0.4019,0.109,0.891,0.0,"If you stand inside the world's quietest room for long enough, you start to hear your heartbeat. Then you lose your balance https://t.co/I9RteUaKuO",2018-04-08 09:00:19,52,CNN
0.4404,0.0,0.83,0.17,"This 17-year-old student got accepted into 19 top universities, including Yale, Stanford, Columbia and the London School of Economics https://t.co/ovcpPUzUqr https://t.co/2uE2ctZlvx",2018-04-08 08:30:26,53,CNN
-0.9136,0.458,0.542,0.0,"An Illinois town has banned assault weapons. The penalty if you keep one? Up to $1,000 a day. https://t.co/4grJanidCq https://t.co/I1cI5zGzwf",2018-04-08 08:00:06,54,CNN
-0.3182,0.082,0.872,0.046,"The companies Trump has attacked on Twitter since his election:

ABC News
Amazon
Boeing
CBS
CNN
Comcast/MSNBC/NBC
Delta
ESPN
Facebook
General Motors
Lockheed Martin
Merck
New York Times
NFL
Nordstrom
Toyota
Washington Post

https://t.co/14QlOvEZ8i",2018-04-08 07:30:09,55,CNN
0.0,0.0,1.0,0.0,A former city official in Georgia used the N-word while pushing for Confederate History Month at a city meeting https://t.co/KZffAUGvgY https://t.co/vtnnTJ3iXI,2018-04-08 07:01:24,56,CNN
-0.1531,0.132,0.769,0.099,"Nancy Pelosi, the top House Democrat, calls on EPA Administrator Scott Pruitt to resign https://t.co/V63jZLv5se https://t.co/RVYRvwKsyL",2018-04-08 06:30:03,57,CNN
0.0,0.0,1.0,0.0,Virgin Galactic is one step closer to bringing tourists to space after this test flight https://t.co/4b6rOLtWsS https://t.co/x1zoTTWtEh,2018-04-08 06:00:00,58,CNN
0.128,0.116,0.741,0.143,"Mexican President to Trump: ""Nothing and no one stands above the dignity of Mexico."" https://t.co/2C5VVONFAk https://t.co/EqIotPJCxq",2018-04-08 05:30:04,59,CNN
0.4019,0.0,0.87,0.13,"President Trump has begun informally preparing for a possible interview with special counsel Robert Mueller, sources tell CNN https://t.co/eoOg9WR5sX https://t.co/va6pCVExbl",2018-04-08 05:00:11,60,CNN
0.0258,0.174,0.645,0.181,"Pilots had safety concerns months before NYC helicopter crash, lawyer says https://t.co/zm5dsd8kkG",2018-04-08 04:45:56,61,CNN
0.0,0.0,1.0,0.0,This mom donated 14 gallons of breast milk to NICU babies in need https://t.co/HwjS6NbWpC https://t.co/znmKGN6Vip,2018-04-08 04:30:04,62,CNN
-0.8402,0.205,0.795,0.0,"New York police released a video of this man pointing a metal object as if he were brandishing a gun. He was later fatally shot by police after he pointed what officers believed was a gun at them, authorities said. https://t.co/Vv4CwwrTKB https://t.co/C8N79g714W",2018-04-08 04:01:39,63,CNN
-0.1531,0.132,0.769,0.099,"Nancy Pelosi, the top House Democrat, calls on EPA Administrator Scott Pruitt to resign https://t.co/4bmqCRET97 https://t.co/YmBqxJZYsZ",2018-04-08 03:30:12,64,CNN
0.0,0.0,1.0,0.0,Shoe retailer Nine West files for bankruptcy after reporting it owes more than $1 billion https://t.co/D0YCZ9rjtD https://t.co/Uvkg4jybam,2018-04-08 03:00:13,65,CNN
0.0,0.0,1.0,0.0,A former city official in Georgia used the N-word while pushing for Confederate History Month at a city meeting https://t.co/MiyfBvPg6V https://t.co/Nm2xlX9QUm,2018-04-08 02:30:50,66,CNN
-0.3818,0.224,0.776,0.0,Cuomo-Nixon fight could divide NY Dems beyond primary https://t.co/FJuiDy6vGf https://t.co/GXpUKUcQ4W,2018-04-08 02:00:11,67,CNN
-0.8271,0.314,0.686,0.0,"A woman was killed and four other people were injured by a lightning strike in White Springs, Florida, the sheriff's office say
https://t.co/n92gc8KZeZ https://t.co/s6qbrTSnX9",2018-04-08 01:34:44,68,CNN
0.0,0.0,1.0,0.0,Border Patrol has thousands of openings it can't fill https://t.co/lhQhOdM7Bj https://t.co/cRvKZ8LNkc,2018-04-08 01:30:08,69,CNN
0.5994,0.0,0.62,0.38,Liberia's promising future is a symbol of international solidarity https://t.co/6Z4IlSeZH9 https://t.co/Mcvi60z9p1,2018-04-08 01:00:09,70,CNN
0.0,0.0,1.0,0.0,Golfer Patrick Reed will take a three-shot lead into the final round of the Masters as a pair of eagles on the back nine at Augusta kept a charging Rory McIlroy at bay https://t.co/0M4s5ua6je https://t.co/oazTmWYuDs,2018-04-08 00:45:08,71,CNN
0.0,0.0,1.0,0.0,Brazil's ex-President Lula da Silva to surrender to federal police https://t.co/RRnB5UVjXK https://t.co/xB5lFHHwuO,2018-04-08 00:30:05,72,CNN
-0.8271,0.303,0.697,0.0,"At least one person has died in the fire at Trump Tower in New York. Four firefighters were injured, officials say. https://t.co/2Fqk0aB7CB https://t.co/gwbpQyj1bn",2018-04-08 00:27:28,73,CNN
0.0,0.0,1.0,0.0,"""These kids that had the blood of their 17 classmates splattered on their clothes ... were baptized into a real movement,"" civil rights activist Andrew Young says of the Parkland student campaigners #VanJonesShow https://t.co/aNBCKXrRqr https://t.co/CDBH12KmRT",2018-04-08 00:20:06,74,CNN
-0.9022,0.268,0.732,0.0,The body of a female was found in the immediate vicinity of a crash in California that killed at least 5 members of a family. Three other family members are missing. Police say the crash may have been intentional. https://t.co/SMT4uA6Tcs https://t.co/OgtUbaiD4Z,2018-04-08 00:18:34,75,CNN
-0.6808,0.17,0.761,0.07,"“We talked about death all the time … he’d say, 'death is the ultimate democracy. Everybody has got to die'”: Civil rights activist and former ambassador Andrew Young remembers his friend Martin Luther King Jr. on #VanJonesShow https://t.co/9xfWypa0VD https://t.co/uiqxksjYxV",2018-04-08 00:10:43,76,CNN
-0.8612,0.323,0.677,0.0,Several Syrian activist groups say a toxic gas attack killed dozens of people in Ghouta. The Syrian regime says it's not responsible. https://t.co/elEcF6jOYb https://t.co/vSvodyftOh,2018-04-07 23:49:29,77,CNN
0.0,0.0,1.0,0.0,"'Black Panther' was “always” going to tackle “political issues head on,” says the film’s director, Ryan Coogler #VanJonesShow https://t.co/wrie7MtIrQ https://t.co/MHnLdDlr6y",2018-04-07 23:45:49,78,CNN
-0.6597,0.19,0.81,0.0,"""Our democracy was hacked before Vladimir Putin ... it was hacked by big money,"" former Vice President Al Gore tells @VanJones68 on #VanJonesShow https://t.co/pSEwArPVcG https://t.co/5ll87HEJcn",2018-04-07 23:40:05,79,CNN
-0.34,0.118,0.882,0.0,"Al Gore tells @VanJones68 that President Trump ""ought to fire"" Environmental Protection Agency administrator Scott Pruitt #VanJonesShow https://t.co/wZhe22ROJZ https://t.co/h3yfTRw75i",2018-04-07 23:30:49,80,CNN
-0.802,0.365,0.635,0.0,"RT @cnnbrk: 1 person was seriously injured in a four-alarm fire at Trump Tower, the New York City Fire Department says https://t.co/VbhJoIL…",2018-04-07 23:30:34,81,CNN
0.0,0.0,1.0,0.0,"Roger Stone, a longtime associate of President Trump, claimed to know of WikiLeaks email release date, despite saying otherwise https://t.co/yjQfswJkXU https://t.co/rxDBb8I4La",2018-04-07 23:15:07,82,CNN
0.4019,0.0,0.868,0.132,"""I would bet on American democracy surviving this bleak period, for sure, but the challenge is stiffer than any we've faced in my lifetime,""  former Vice President Al Gore tells @VanJones68 #VanJonesShow https://t.co/J16dxwXy1X https://t.co/s7NTvNdX4I",2018-04-07 23:14:59,83,CNN
0.0,0.0,1.0,0.0,President Trump defends tariffs amid jittery markets https://t.co/lUIz1ErTrK https://t.co/HcjlVpNaUP,2018-04-07 23:00:17,84,CNN
0.0772,0.2,0.634,0.166,"President Trump criticizes the FBI and Justice Department, asking what they ""have to hide"" https://t.co/epRv6UsJHF https://t.co/uidS6CVy2c",2018-04-07 22:45:07,85,CNN
0.4404,0.0,0.884,0.116,He faced an impossible decision. But were Pope Pius XII’s actions during WWII worthy of sainthood? #Pope tomorrow at 10p on CNN. https://t.co/PlZXKPCzMi,2018-04-07 22:30:15,86,CNN
-0.7783,0.293,0.578,0.129,"With 16 service members killed in air crashes, top lawmaker says ""readiness of the military is at a crisis point"" https://t.co/e7iejiaYG0 https://t.co/2QsrhRi1O4",2018-04-07 22:15:02,87,CNN
0.0,0.0,1.0,0.0,"Democrats call for investigations into Interior Secretary Ryan Zinke, National Park Service https://t.co/YwUw7VbDbu https://t.co/UhFqSF7NMS",2018-04-07 22:00:14,88,CNN
0.4404,0.0,0.756,0.244,New proposal wouldn't impact endangered species currently protected https://t.co/axiXqHcG5G https://t.co/aaG7SefcxN,2018-04-07 21:45:09,89,CNN
0.0,0.0,1.0,0.0,VA dismisses privatization talk after leadership change https://t.co/DJglkb8ig8 https://t.co/S3ah2noKY8,2018-04-07 21:30:16,90,CNN
-0.6486,0.264,0.736,0.0,2 dead after delivery vehicle hits crowd in German city of Muenster https://t.co/8cjUNOM4dy https://t.co/KoUtKbldAK,2018-04-07 21:15:06,91,CNN
-0.4767,0.181,0.819,0.0,"President Trump says US ""sealing up"" southern border, demands China ""end unfair trade"" https://t.co/aIlCNFZWLZ https://t.co/nDxqOnmM4u",2018-04-07 21:00:08,92,CNN
-0.9413,0.28,0.72,0.0,"What we know about a van that slammed into a crowd in Germany:
■ 2 people have been killed and at least 20 injured, officials say
■ The driver, a German citizen, has shot and killed himself
■ Authorities are treating the incident as an attack

More: https://t.co/Nmk0Pelulj https://t.co/z7eUOnbo6S",2018-04-07 20:45:08,93,CNN
0.34,0.0,0.844,0.156,EPA Administrator Scott Pruitt faces renewed questions over cost of security detail https://t.co/ssjQWTRmdA https://t.co/lDiuboCk4D,2018-04-07 20:30:05,94,CNN
0.0,0.0,1.0,0.0,"""I don't have a lot of patience for that kind of stuff."" Republican Rep. Trey Gowdy is probing the actions of embattled Environmental Protection Agency Administrator Scott Pruitt. https://t.co/HHUd56ai6F https://t.co/rtKfDUjYcU",2018-04-07 20:15:04,95,CNN
0.6705,0.086,0.552,0.362,Manchester City stunned by rivals Manchester United in thrilling derby https://t.co/MeoSIyZsFl https://t.co/d8gWWw26ZG,2018-04-07 20:00:12,96,CNN
-0.6597,0.253,0.747,0.0,"4 teens who dropped sandbag on car, killing man, ordered to youth facility https://t.co/nvwDwVbvL7 https://t.co/e0WqSSbohZ",2018-04-07 19:45:11,97,CNN
0.128,0.17,0.566,0.264,GOP keeps up hope amid challenge in key California battleground https://t.co/V7RB25EWjp https://t.co/44lh3ysSqy,2018-04-07 19:30:14,98,CNN
0.25,0.092,0.761,0.147,They're moms. They're attorneys. They believe they can help end the Oklahoma teacher walkouts. https://t.co/CvnLlgRdA3 https://t.co/dMZveixxmE,2018-04-07 19:15:06,99,CNN
-0.7506,0.314,0.686,0.0,"Delta passenger suffered 'painful' cartilage damage after child on flight repeatedly kicked her, she claims https://t.co/NFM6j0lNxM",2018-04-08 23:47:00,0,FoxNews
0.5106,0.0,0.732,0.268,.@TheRock to give away largest HQ Trivia prize ever https://t.co/lNkkTtva2V,2018-04-08 23:43:00,1,FoxNews
0.0,0.0,1.0,0.0,Pruitt slammed as unfit to lead EPA by 2 GOP senators; one calls him 'chucklehead' https://t.co/rePg4vRBpb,2018-04-08 23:38:00,2,FoxNews
-0.6705,0.31,0.69,0.0,"Florida woman, 23, killed by lightning at mud bog site https://t.co/75NAzcd7RD",2018-04-08 23:32:14,3,FoxNews
0.5719,0.0,0.847,0.153,"On Friday, the @CBPRGV welcomed eight new horses to the Horse Patrol Unit. The wild Mustangs will be part of the team that protects the U.S.-Mexico border. https://t.co/1QhFaS7nyc",2018-04-08 23:23:31,4,FoxNews
0.296,0.066,0.819,0.115,".@larry_kudlow on tariffs: ""China's response was highly unsatisfactory and I think that's unfortunate. We do have constant communication with them, to be sure. I hope their side picks up on this. But so far, stonewalling us is not the answer."" #FoxNewsSunday https://t.co/9keRVW7GIv",2018-04-08 23:08:00,5,FoxNews
-0.7482,0.298,0.608,0.094,OPINION: Syria attack shows we now live in a world where using chemical weapons is considered OK -- and that should terrify us https://t.co/cbwautBnPh,2018-04-08 22:59:42,6,FoxNews
-0.1531,0.118,0.882,0.0,Cambridge Analytica whistleblower thinks Facebook data breach affected more users than reported https://t.co/HAAbSOQ5oZ,2018-04-08 22:52:45,7,FoxNews
0.5719,0.0,0.73,0.27,BREAKING: Patrick Reed wins #Masters to claim first major title https://t.co/v1Y6lRcSga,2018-04-08 22:43:48,8,FoxNews
-0.5423,0.241,0.759,0.0,New high-speed train in Florida kills 4th person since launching service https://t.co/qDOkQjSDaS,2018-04-08 22:39:59,9,FoxNews
-0.4019,0.209,0.678,0.113,OPINION: Do convicted criminals deserve a second chance? One man's incredible story offers a clue https://t.co/25M6oOhxaQ,2018-04-08 22:28:26,10,FoxNews
-0.4019,0.162,0.838,0.0,"Conor McGregor was 'causing trouble' in hotel room after release on bail, report says https://t.co/LNaRCOOHIa",2018-04-08 22:10:45,11,FoxNews
-0.4939,0.352,0.494,0.154,Parkland massacre survivor says she hid under dead classmate's body https://t.co/0aIJndwxS6,2018-04-08 22:04:18,12,FoxNews
-0.1027,0.134,0.746,0.119,"On “America’s News HQ,” former Arizona @GovBrewer slammed @JerryBrownGov’s illegal immigration policies and praised President @realDonaldTrump’s action at the border. https://t.co/prmwYPsygj https://t.co/ifXPDdBymI",2018-04-08 22:02:00,13,FoxNews
-0.4404,0.162,0.838,0.0,".@cvpayne: ""This last month we saw the second-lowest unemployment rate for black Americans in history."" https://t.co/6Ls7sqgZkL",2018-04-08 21:53:00,14,FoxNews
0.0,0.0,1.0,0.0,RT @FoxBusiness: .@Facebook to send Cambridge Analytica data-use notices on Monday https://t.co/EJLtiXUt2G,2018-04-08 21:44:06,15,FoxNews
-0.4767,0.156,0.767,0.077,"Brandon Judd: ""I have to applaud President @realDonaldTrump for putting the @USNationalGuard on the border because that allows us to go after what the actual problem is, which are the criminal cartels."" https://t.co/3R7jap1d9K",2018-04-08 21:42:00,16,FoxNews
0.3612,0.0,0.898,0.102,DEVELOPING: North Korea has told the @realDonaldTrump administration that Kim Jong Un is ready to discuss denuclearization of the Korean peninsula. https://t.co/ul1Q316eBX https://t.co/ZAFjQ51Usl,2018-04-08 21:31:03,17,FoxNews
0.0,0.0,1.0,0.0,Blooming red tulips are seen in the gardens of the South Lawn of the @WhiteHouse. https://t.co/5tbQb72pjG,2018-04-08 21:30:00,18,FoxNews
-0.9538,0.464,0.536,0.0,RT @EricShawnTV: Chemical weapons were banned by the 1925 Geneva Protocol after their horrific use in World War One. It is an attack on wor…,2018-04-08 21:27:28,19,FoxNews
0.7184,0.0,0.812,0.188,"Rain or shine, soldiers keep watch over the Tomb of the Unknown Soldier to honor the service members who made the ultimate sacrifice for the United States. https://t.co/bKWBAeHi2w",2018-04-08 21:23:34,20,FoxNews
0.0,0.0,1.0,0.0,"Kim Jong Un willing to discuss getting rid of North Korea's nukes, US says https://t.co/Gh5W2f8Ea7",2018-04-08 21:18:51,21,FoxNews
-0.2023,0.122,0.878,0.0,"RT @foxnewspolitics: Kennedy dynasty faces a reckoning as controversial film hits theaters - via @brookefoxnews 
https://t.co/IRLIK1G7f2",2018-04-08 21:18:37,22,FoxNews
0.0,0.0,1.0,0.0,"Lt. Col. Travis Walters: ""@TexasGuard is able to deploy immediately to meet the call of our governor and the call of @POTUS."" https://t.co/n8jrr335y4",2018-04-08 21:10:00,23,FoxNews
0.4767,0.068,0.769,0.163,".@DiamondandSilk: ""If a privately owned bakery has to go against their Christian values to bake a cake, then Mark Zuckerberg is going to have to suck it up buttercup and allow Diamond and Silk to speak our truth."" https://t.co/R0cCqCZVwZ",2018-04-08 20:57:00,24,FoxNews
0.3612,0.0,0.902,0.098,BREAKING NEWS: North Korea has told the @realDonaldTrump administration that Kim Jong Un is ready to discuss denuclearization of the Korean peninsula. https://t.co/ul1Q316eBX https://t.co/P369nqzch4,2018-04-08 20:53:05,25,FoxNews
-0.802,0.396,0.604,0.0,NY Times Op-Ed slamming 'Chappaquiddick' film as 'character assassination' spurs online outrage https://t.co/51am3hJGgV,2018-04-08 20:52:06,26,FoxNews
0.0,0.0,1.0,0.0,"Tommy Kilbride: ""These landing mat fences don't work. So anyone that says the wall won't work has never been on the border."" https://t.co/hHQGUpPpRj",2018-04-08 20:45:31,27,FoxNews
-0.3612,0.053,0.947,0.0,".@TomFitton: ""@TheJusticeDept was a mess under Loretta Lynch. This meeting was an indication or an example of the way it bent over backwards both in appearance &amp; in fact on behalf of @HillaryClinton...This is around the same time they were beginning the targeting of Donald Trump"" https://t.co/SVx7aHoRLl",2018-04-08 20:40:00,28,FoxNews
0.0,0.0,1.0,0.0,"On @foxandfriends, former political science Professor @carolmswain sounded off on a North Carolina elementary school's flyer detailing ""white privilege."" https://t.co/8FzUv6yb1P https://t.co/Jy7sYgE3bJ",2018-04-08 20:39:00,29,FoxNews
0.3612,0.0,0.848,0.152,BREAKING: North Korea tells the Trump administration that it is ready to discuss denuclearization. https://t.co/gR9KrFO9gw,2018-04-08 20:24:52,30,FoxNews
0.0,0.0,1.0,0.0,States sending troops to Mexico border. https://t.co/lROHVeMd6u,2018-04-08 20:16:21,31,FoxNews
-0.9201,0.283,0.672,0.045,"Amb. Dan Gillerman on Syria suspected chemical attack: ""I'm disappointed at the reaction so far of the international community and of the U.S. A year ago exactly when a horrific attack like this took place, [@POTUS] sent missiles. Today so far, he's sent a tweet."" https://t.co/utxKvcEx6Z",2018-04-08 20:14:41,32,FoxNews
0.0,0.0,1.0,0.0,Trump slams Obama over not crossing 'red line' in Syria with 'Animal Assad' https://t.co/FZVYN2pmON,2018-04-08 20:10:25,33,FoxNews
0.5707,0.0,0.871,0.129,"TONIGHT on ""Life, Liberty, &amp; Levin,"" @SarahPalinUSA sits down with @marklevinshow to discuss the border. Tune in at 10p ET on Fox News Channel! https://t.co/1J6BcaR0SM https://t.co/O7nMVkCjDU",2018-04-08 20:03:00,34,FoxNews
-0.6486,0.306,0.694,0.0,Outrage at Kimmel comments on Melania surges as protest petition exceeds 50K signatures https://t.co/riRjV4TDX4,2018-04-08 20:01:02,35,FoxNews
-0.2023,0.153,0.847,0.0,Wallace Presses Dem Rep: 'Is Nancy Pelosi a Liability for Democrats?' https://t.co/RnQDsoSwKQ,2018-04-08 19:59:07,36,FoxNews
-0.5574,0.087,0.913,0.0,"A large Canadian flag at half-mast is seen from a cemetery in #Humboldt, Saskatchewan, on Sunday, April 8, 2018. 15 people traveling with the Humboldt Broncos SJHL hockey team have died, after their bus collided with a semi-trailer on Friday. https://t.co/kpbosHhWTW https://t.co/yEPRb31iN6",2018-04-08 19:52:08,37,FoxNews
-0.7964,0.18,0.82,0.0,"A firefighter looks out from the window of a damaged apartment in Trump Tower in New York on Saturday, April 7, 2018. The New York Fire Department says the blaze broke out on the 50th floor shortly before 6 p.m. Saturday. https://t.co/Hz3zrjSrGA https://t.co/x02E2vfV8f",2018-04-08 19:45:30,38,FoxNews
-0.802,0.188,0.812,0.0,"The @USArmy has identified the two pilots killed in an Apache helicopter crash night at Ft. Campbell, Ky, as Chief Warrant Officer 3 Ryan Connolly, 37, and Warrant Officer James Casadona, 28. https://t.co/EN43c2P5Pg https://t.co/oWvD7vAo34",2018-04-08 19:40:35,39,FoxNews
0.0,0.0,1.0,0.0,Sen. Jeff Flake's son seeks new civil trial against Joe Arpaio https://t.co/rqc9nLB9Tm,2018-04-08 19:37:24,40,FoxNews
0.0,0.0,1.0,0.0,RT @EricShawnTV: I anchor at 4 pm EDT @FoxNews with @ArthelNeville: Amb. Dan GIllerman joins me on how @POTUS @realDonaldTrump should respo…,2018-04-08 19:36:13,41,FoxNews
0.5719,0.0,0.719,0.281,"Jimmy Kimmel defends mean-spirited dig at Melania Trump, apologizes for lewd Hannity joke https://t.co/nDUlZflGz1",2018-04-08 19:35:05,42,FoxNews
-0.8519,0.43,0.57,0.0,"Alleged 'potted-plant serial killer' may be linked to grisly, unsolved 1970s murders https://t.co/PyoBhghZfX",2018-04-08 19:29:53,43,FoxNews
0.2263,0.238,0.476,0.286,"Trump Tower fire victim was prominent art dealer, friends with Andy Warhol https://t.co/ENvsX7P2Po",2018-04-08 19:22:18,44,FoxNews
0.0,0.0,1.0,0.0,"On @foxandfriends,"" @TheRealJohnHCox, the leading Republican candidate for governor of California, talked about the issues he says could make him his state's next leader. https://t.co/n8mpRmkhgD https://t.co/DN2TDP5j9X",2018-04-08 19:16:00,45,FoxNews
-0.4019,0.229,0.684,0.087,Kudlow tries to calm trade war fears but says Trump 'not bluffing' about China tariffs https://t.co/dUUt2XtL4G,2018-04-08 19:05:38,46,FoxNews
-0.5423,0.259,0.741,0.0,.@KatrinaPierson Rips @MichelleObama For Comparing President @realDonaldTrump to Bad Parent https://t.co/i5YUgeOqGX,2018-04-08 18:58:29,47,FoxNews
-0.9186,0.52,0.48,0.0,Victims slowly identified in Canadian hockey team bus crash disaster; death toll rises to 15 https://t.co/XO2PX5Hdt5,2018-04-08 18:52:38,48,FoxNews
-0.6597,0.278,0.722,0.0,.@AlanDersh: President @realDonaldTrump Won't Repeat Fmr. President @BarackObama's 'Tragic Mistake' With Syria 'Red Line' https://t.co/31J4JzgoxV https://t.co/AGonWcFfje,2018-04-08 18:52:00,49,FoxNews
0.765,0.0,0.792,0.208,".@KarlRove on border security: ""There are things along the border that the National Guard can do in a moment like this when additional resources are needed that is justified and ample."" #FoxNewsSunday https://t.co/Qd1jtELGsU",2018-04-08 18:51:27,50,FoxNews
0.4767,0.06,0.765,0.175,"Ala. teen turns down 25-year plea deal, gets sentenced to 65 years instead - and laughs https://t.co/pueYqOQ9tk",2018-04-08 18:46:33,51,FoxNews
0.743,0.0,0.835,0.165,"Michael Needham: ""For 20 years liberal elites have promised us that if we just integrate China into the global trade network, they will start acting like a responsible stakeholder in the international community. They haven't. And it's been a lie."" #FoxNewsSunday https://t.co/aACxy2NSvp",2018-04-08 18:44:54,52,FoxNews
-0.5423,0.257,0.743,0.0,"Facebook must shape up, or it will be 'broken up,' senator warns https://t.co/Q8RozjpiiZ (via @christocarbone)",2018-04-08 18:44:00,53,FoxNews
0.765,0.0,0.761,0.239,"Joe Crowley on 2018 midterms: ""[Voters] have an opportunity here to change course and correction, that's the beauty of our democracy."" #FoxNewsSunday https://t.co/EWyp9ZXWHg",2018-04-08 18:40:59,54,FoxNews
0.1531,0.078,0.821,0.101,"Joe Crowley: ""The notion of the tax cut is going to lead to somehow help the American people along I think is a scam."" #FoxNewsSunday https://t.co/cdfSpz3Uwu",2018-04-08 18:38:09,55,FoxNews
-0.2838,0.071,0.929,0.0,".@GovBrewer: ""It's absolutely unfortunate, not only for California but for our country, that we have people in elected office that do not believe in the rule of law."" https://t.co/3jq9DbI4SZ",2018-04-08 18:36:00,56,FoxNews
0.0,0.0,1.0,0.0,.@JudgeJeanine: It's Time for Republicans to Start Wielding Power https://t.co/IpEU7L5UtG https://t.co/BDl4Ch10a8,2018-04-08 18:35:50,57,FoxNews
0.0,0.0,1.0,0.0,.@POTUS and the economy. #FoxNewsSunday https://t.co/iu4Jtpp8X4,2018-04-08 18:35:11,58,FoxNews
0.0,0.0,1.0,0.0,"RT @EricShawnTV: I anchor @FoxNews with @ArthelNeville at 4 pm EDT: The brazen vote hacking by Moscow. ""It was the Russians, it may not be…",2018-04-08 18:34:10,59,FoxNews
0.6518,0.033,0.838,0.129,".@larry_kudlow on cutting spending: ""I think the Republican Party on the Hill has finally figured out It's really not a bad idea to trim some spending because after all, spending can lead to deficits and spending interferes with the economy."" #FoxNewsSunday https://t.co/cTa1pLFEQA",2018-04-08 18:34:02,60,FoxNews
-0.7003,0.453,0.547,0.0,"Berlin half-marathon attack plot foiled, 6 detained, officials say https://t.co/Ta03VbuEyf",2018-04-08 18:31:51,61,FoxNews
0.4404,0.062,0.822,0.116,".@larry_kudlow: ""Look, [@POTUS is] great negotiator. He has a whole history of that. But in this process, tariffs have to be part of it. There's no two ways about it."" #FoxNewsSunday https://t.co/ghSftwOlBI",2018-04-08 18:27:35,62,FoxNews
0.296,0.066,0.819,0.115,".@larry_kudlow on tariffs: ""China's response was highly unsatisfactory and I think that's unfortunate. We do have constant communication with them, to be sure. I hope their side picks up on this. But so far, stonewalling us is not the answer."" #FoxNewsSunday https://t.co/wpHMgXh5qz",2018-04-08 18:25:03,63,FoxNews
0.7783,0.0,0.688,0.312,"On @foxandfriends, @cvpayne praised President @realDonaldTrump's economic policies and their positive results for African American workers. https://t.co/ZI94AJqGjs",2018-04-08 18:16:21,64,FoxNews
0.0,0.0,1.0,0.0,"Car slams into Texas home, triggering gas explosion and injuring 5 people (via @travfed)  https://t.co/AfkA6UoaEP",2018-04-08 18:11:00,65,FoxNews
-0.5484,0.146,0.793,0.06,".@JudgeJeanine: ""Who do we blame for the repeated trashing of @FLOTUS? Why is it open season on the First Family? Who do we blame for the refusal to honor congressional subpoenas? There's only one group to blame, and that group is the Republican Party."" https://t.co/IpEU7L5UtG https://t.co/Uk5djW8sqH",2018-04-08 18:05:00,66,FoxNews
-0.6597,0.293,0.707,0.0,".@AlanDersh: President @realDonaldTrump Won't Repeat Fmr. President @BarackObama's 'Tragic Mistake' With Syria 'Red Line'
https://t.co/NmPqFBJXwg",2018-04-08 17:58:51,67,FoxNews
-0.1027,0.134,0.746,0.119,"On “America’s News HQ,” former Arizona @GovBrewer slammed California @JerryBrownGov’s illegal immigration policies and praised President @realDonaldTrump’s action at the border. https://t.co/kmJojguhLS",2018-04-08 17:51:01,68,FoxNews
-0.9231,0.272,0.728,0.0,"On @foxandfriends, Harris County Sheriff Mike Jolley - who recently posted a sign outside the sheriff's office that reads “Our citizens have concealed weapons. If you kill someone, we might kill you back"" - slammed political correctness. https://t.co/W4d4UYyRPC https://t.co/bYCTjTMyHR",2018-04-08 17:51:01,69,FoxNews
0.8658,0.033,0.722,0.245,".@robertjeffress: ""The reason Evangelicals overwhelmingly support @POTUS is not because he has a perfect past. None of us has that. It's because of his strong leadership and also because he's fulfilling the policy commitments that he has made."" https://t.co/pZXa1FyCTh",2018-04-08 17:51:00,70,FoxNews
0.0,0.0,1.0,0.0,'Disgusted' mom discovers used needles on McDonald's baby changing table https://t.co/b6pJ9t29Ve,2018-04-08 17:43:08,71,FoxNews
0.3818,0.0,0.833,0.167,'Citizens Have a Right to Protect Themselves': GA Sheriff Explains Viral Concealed-Carry Sign https://t.co/W4d4UYQsHa https://t.co/MQoo12cgc2,2018-04-08 17:31:00,72,FoxNews
-0.7003,0.42,0.58,0.0,"Berlin half-marathon attack plot foiled, 6 detained, officials say https://t.co/7tLI5e7v5u https://t.co/hp1EOvXFJ6",2018-04-08 17:26:37,73,FoxNews
0.0,0.0,1.0,0.0,Elizabeth Hurley slammed for wearing cleavage-baring dress with her 16-year-old son https://t.co/hG2osQzsf5,2018-04-08 17:22:19,74,FoxNews
-0.8555,0.308,0.579,0.113,".@TheRealJohnHCox: ""This criminal idea of the sanctuary state movement - the people are upset about this because it looks like their leaders are valuing illegal alien criminals instead of law-abiding residents."" https://t.co/FXJBANEv6d",2018-04-08 17:13:01,75,FoxNews
-0.8555,0.461,0.539,0.0,"Fire at Trump Tower leaves one man dead, several firefighters injured; @BryanLlenas reports. https://t.co/nNnUbhorwR",2018-04-08 17:05:19,76,FoxNews
0.0,0.0,1.0,0.0,"On @foxandfriends, @JudicialWatch President @TomFitton said that @AGLynch needs to be candid about the infamous tarmac meeting with former President @BillClinton. https://t.co/9eC54cdAie https://t.co/wqLb3Iz7lF",2018-04-08 16:55:00,77,FoxNews
-0.4404,0.162,0.838,0.0,".@cvpayne: ""This last month we saw the second-lowest unemployment rate for black Americans in history."" https://t.co/pcyPRMezaX",2018-04-08 16:48:29,78,FoxNews
0.0,0.0,1.0,0.0,Pro-gun rights activists rally against new measures on firearm sales in Vermont https://t.co/d90JsaUjGS,2018-04-08 16:42:58,79,FoxNews
0.0,0.0,1.0,0.0,President @realDonaldTrump slams former Preisdent @BarackObama over not crossing 'red line' in Syria with 'Animal Assad' https://t.co/TAXK2cViHr https://t.co/Zh89bSSBkI,2018-04-08 16:34:00,80,FoxNews
0.2263,0.238,0.476,0.286,"Trump Tower fire victim was prominent art dealer, friends with Andy Warhol https://t.co/ENvsX7P2Po",2018-04-08 16:30:45,81,FoxNews
-0.4767,0.237,0.763,0.0,.@RepMcCaul: Russia and Iran Complicit in Syria Chemical Attack https://t.co/qMDZp854AC https://t.co/wSAICfMoSh,2018-04-08 16:15:55,82,FoxNews
-0.4404,0.225,0.775,0.0,President @realDonaldTrump attacks 'garbage' @washingtonpost; calls Kelly story 'hit job' https://t.co/3E6edclo30,2018-04-08 16:10:56,83,FoxNews
0.5707,0.0,0.871,0.129,"TONIGHT on ""Life, Liberty, &amp; Levin,"" @SarahPalinUSA sits down with @marklevinshow to discuss the border. Tune in at 10p ET on Fox News Channel! https://t.co/1J6BcaR0SM https://t.co/9Ya2M3mDpc",2018-04-08 16:03:00,84,FoxNews
-0.9186,0.395,0.572,0.033,"On Twitter, @VP Mike Pence backed up President @realDonaldTrump's condemnation of a suspected chemical attack in Syria that left at least 40 dead. https://t.co/TAXK2cViHr https://t.co/1K7D1kiVKy",2018-04-08 16:02:49,85,FoxNews
0.0516,0.089,0.789,0.121,"Lt. Gen. H. Steven Blum (Ret.): ""The only people that view this as a threat are the coyotes and the cartels - and just the presence of the guard there is a huge, huge deterrent."" https://t.co/ghIiRT3bYE",2018-04-08 15:52:13,86,FoxNews
-0.5994,0.259,0.741,0.0,"Body recovered near California cliff crash site, may be one of the missing Hart children https://t.co/doPkiMcdex",2018-04-08 15:44:11,87,FoxNews
-0.3612,0.053,0.947,0.0,".@TomFitton: ""@TheJusticeDept was a mess under Loretta Lynch. This meeting was an indication or an example of the way it bent over backwards both in appearance &amp; in fact on behalf of @HillaryClinton...This is around the same time they were beginning the targeting of Donald Trump"" https://t.co/dOJX34Ehac",2018-04-08 15:35:21,88,FoxNews
-0.2263,0.091,0.909,0.0,RT @EricShawnTV: I anchor @FoxNews with @ArthelNeville at 12 Noon EDT: @POTUS @realDonaldTrump calls out Vladimir Putin for the suspected S…,2018-04-08 15:26:29,89,FoxNews
0.3818,0.0,0.902,0.098,".@FrankLuntz: ""It's [@POTUS's] own tweets that are causing so much of the trouble... He should be focused on the economy and on taxes."" #MediaBuzz https://t.co/hbjdU6G7gz",2018-04-08 15:25:30,90,FoxNews
-0.5106,0.152,0.789,0.059,".@FrankLuntz: ""I think the Republicans are in deep trouble in the House and the Senate as well. If the election were held today, frankly, I think Republicans would lose both."" #MediaBuzz https://t.co/fnJEb6vcoN",2018-04-08 15:21:16,91,FoxNews
0.0,0.0,1.0,0.0,Trump slams Obama over not crossing 'red line' in Syria with 'Animal Assad' https://t.co/FZVYN2pmON,2018-04-08 15:16:31,92,FoxNews
-0.1779,0.134,0.866,0.0,".@MZHemingway: ""We have a media that is obsessed with palace intrigue."" #MediaBuzz https://t.co/OaK9EhfEfE",2018-04-08 15:05:31,93,FoxNews
0.3818,0.0,0.822,0.178,'Citizens Have a Right to Protect Themselves': GA Sheriff Explains Viral Concealed-Carry Sign https://t.co/W4d4UYyRPC,2018-04-08 15:03:45,94,FoxNews
0.0,0.0,1.0,0.0,"Russian 'hack' of 2016 voter rolls leaves Galesburg, Illinois, reeling https://t.co/1D8e8Ab9uU",2018-04-08 14:57:07,95,FoxNews
-0.6486,0.306,0.694,0.0,Outrage at Kimmel comments on Melania surges as protest petition nears 50K signatures https://t.co/riRjV4TDX4,2018-04-08 14:50:32,96,FoxNews
-0.4404,0.153,0.847,0.0,".@RepMcCaul: ""I remember @JohnKerry saying, 'We took all their chemical weapons away.' Obviously not."" #SundayFutures @MariaBartiromo https://t.co/n4DJy3UG4F",2018-04-08 14:37:32,97,FoxNews
-0.296,0.091,0.909,0.0,".@RepMcCaul: ""When the drug cartel sees our military down there, it's going to stop them before they can get in."" #SundayFutures @MariaBartiromo https://t.co/2OEm36Vhds",2018-04-08 14:32:31,98,FoxNews
0.0,0.0,1.0,0.0,".@RepMcCaul: ""This cannot stand in the civilized world."" #SundayFutures @MariaBartiromo https://t.co/5Ckpt8UPBw",2018-04-08 14:28:31,99,FoxNews
-0.128,0.158,0.842,0.0,A Tough Task for Facebook: European-Type Privacy for All https://t.co/fWLrndUdXa,2018-04-08 23:31:12,0,nytimes
-0.3612,0.185,0.815,0.0,"Profile: Circe, a Vilified Witch From Classical Mythology, Gets Her Own Epic https://t.co/6aZoqsc21e",2018-04-08 23:14:04,1,nytimes
0.5719,0.0,0.709,0.291,"Orban Wins Sweeping Majority, and Control of Hungary’s Constitution https://t.co/c9kT44hYLI",2018-04-08 23:02:44,2,nytimes
0.5719,0.0,0.684,0.316,Patrick Reed Wins the Masters in a Breakthrough Performance https://t.co/Ftp0PBbgRt,2018-04-08 22:59:45,3,nytimes
0.6597,0.0,0.769,0.231,"""My parents don’t want to just throw money around now. I’m getting a great education at a fraction of the cost."" https://t.co/D0m6zXCvok",2018-04-08 22:42:34,4,nytimes
0.8591,0.0,0.578,0.422,Com Journal: East Timor Has Some of the World’s Richest Reefs. Can It Profit Safely? https://t.co/PcTmSWxSWh,2018-04-08 22:25:23,5,nytimes
0.7964,0.0,0.458,0.542,A dressing (or dip) that’s easy to love https://t.co/Tgd2Tm6dxc,2018-04-08 22:23:21,6,nytimes
-0.1779,0.159,0.841,0.0,Oh for the Days of the Making-Of Featurette — Seriously https://t.co/5arbjPZTdI,2018-04-08 22:05:41,7,nytimes
-0.6124,0.357,0.643,0.0,Deutsche Bank Replaces C.E.O. Amid Losses and Lack of Direction https://t.co/JlnPWBzntE,2018-04-08 21:59:47,8,nytimes
0.7579,0.0,0.772,0.228,"RT @nerdishtendency: You can see the joy in movement in my first story for @nytimes, a look at a party where musicians and dancers get toge…",2018-04-08 21:57:02,9,nytimes
-0.1779,0.195,0.637,0.167,"""President Xi and I will always be friends, no matter what happens with our dispute on trade,” President Trump tweeted https://t.co/hgTjNMu0UX",2018-04-08 21:42:00,10,nytimes
0.0,0.0,1.0,0.0,The Denver Post is in open revolt against its owner https://t.co/Lw62YzaCPk,2018-04-08 21:27:06,11,nytimes
-0.1531,0.187,0.659,0.154,"Common Sense: With Tesla in a Danger Zone, Can Model 3 Carry It to Safety? https://t.co/KjYFEtsMgv",2018-04-08 21:19:46,12,nytimes
0.3612,0.079,0.753,0.168,"RT @brooksbarnesNYT: ‘A Quiet Place’ Is a Huge No. 1 at the Box Office, Boosting Paramount ... At $50M twice what was expected and, out of…",2018-04-08 21:12:07,13,nytimes
-0.7717,0.427,0.573,0.0,"Amid Fears of Trade War, Trump Predicts China Will Relent https://t.co/uWmmVeLe4h",2018-04-08 21:11:54,14,nytimes
0.0,0.0,1.0,0.0,"Gov. Rick Scott of Florida is expected to announce on Monday that he's running for the U.S. Senate against Bill Nelson, the Democratic incumbent https://t.co/5RWNSdnqV0",2018-04-08 20:57:02,15,nytimes
-0.2023,0.118,0.802,0.08,"For many women in the 5 boroughs of New York, training is a gateway into the world of competitive fighting https://t.co/6VsTR5Gp1I",2018-04-08 20:42:07,16,nytimes
0.34,0.0,0.893,0.107,"RT @nytimesarts: A trove of paintings, mementoes from the film ""Gladiator,"" prop horses, guitars, diamond rings and costumes went up for au…",2018-04-08 20:27:01,17,nytimes
0.2732,0.0,0.826,0.174,Here's how to start a fitness routine – and stick to it https://t.co/d8GMnfw7rF,2018-04-08 20:11:02,18,nytimes
0.5256,0.0,0.825,0.175,"""Facebook has got to start treating influencers with more respect. These people need to make a living."" https://t.co/PYdR7TbN5U",2018-04-08 19:56:07,19,nytimes
0.0,0.0,1.0,0.0,"Charlie Brown, Snoopy and the rest of the Peanuts gang are part of a new public art project in cities around the world https://t.co/XeUIsyZ0kH",2018-04-08 19:41:05,20,nytimes
0.4069,0.1,0.779,0.121,"""I will do my best to see to it that I never am this ignorant again,"" said a teenager who was sentenced to read books after having vandalized a historic black schoolhouse  https://t.co/zPq2KQeKON",2018-04-08 19:26:01,21,nytimes
-0.2023,0.112,0.808,0.081,RT @cdcaron: It has been nearly five years since the Syrian government agreed to purge its chemical weapons stockpile. But the chemical war…,2018-04-08 19:11:32,22,nytimes
0.2732,0.0,0.932,0.068,"As marijuana use has increased, ER doctors say they've been seeing a steady flow of patients with the telltale symptoms of a condition that causes cyclic vomiting in heavy marijuana users. https://t.co/fCZW89uzZS",2018-04-08 19:02:05,23,nytimes
-0.0516,0.112,0.787,0.101,"""I admit that I approached 'Chappaquiddick' with a measure of skepticism and a tremor of dread,"" @aoscott writes https://t.co/zae3KIxOMX",2018-04-08 18:47:01,24,nytimes
0.7845,0.0,0.792,0.208,"In Opinion

A former chancellor of the NYC public schools lays out steps that people ""of good conscience might take to make sure higher education is aligned with the democratic values we share."" https://t.co/KY0SdcROG7",2018-04-08 18:29:07,25,nytimes
0.0231,0.168,0.629,0.203,"They may happily coexist in your phone, but Bumble and Tinder, 2 of the world’s most popular dating apps, are at war offscreen https://t.co/KXpgOvQsdx",2018-04-08 18:27:01,26,nytimes
-0.7717,0.288,0.712,0.0,RT @nytimesworld: An Indian film actress who staged a topless protest against sexual harassment in the movie industry has been accused of d…,2018-04-08 18:12:02,27,nytimes
-0.7096,0.269,0.731,0.0,Bill Cosby's retrial on sexual assault charges starts Monday. Here's how the second trial will be different. https://t.co/V3d7pVWkUt,2018-04-08 17:57:07,28,nytimes
0.0772,0.055,0.879,0.066,A top White House official said the Trump administration would not rule out a missile strike to retaliate against the government of President Bashar al-Assad of Syria https://t.co/nu6XdMiFZb,2018-04-08 17:42:06,29,nytimes
0.0,0.0,1.0,0.0,The crystals that may have helped Vikings navigate northern seas https://t.co/GFiSkwp4yQ,2018-04-08 17:27:04,30,nytimes
-0.4767,0.129,0.871,0.0,"She started a Facebook group 2 years ago for middle-aged women. It has grown to over 7,000 members. What could possibly go wrong? https://t.co/R3vJGKWN5l",2018-04-08 17:12:08,31,nytimes
0.25,0.0,0.938,0.062,"The documents, taken together, show that ISIS, if only for a finite amount of time, realized its dream: to establish its own state, run according to its strict interpretation of Islam. https://t.co/dcIihV3GTB",2018-04-08 16:57:56,32,nytimes
0.6369,0.0,0.843,0.157,Thousands of internal ISIS documents unearthed by The Times reveal how ISIS built a state of administrative efficiency. They also help explain how ISIS stayed in power so long. https://t.co/fhZbNp051V https://t.co/3tpHhtFeMd,2018-04-08 16:51:08,33,nytimes
-0.8885,0.304,0.696,0.0,"The world knows ISIS for its brutality, but the militants did not rule by the sword alone. They wielded power through 2 complementary tools: brutality and bureaucracy. https://t.co/2h0r2VSMCV",2018-04-08 16:44:30,34,nytimes
-0.8462,0.246,0.754,0.0,"“We had no choice but to go back to work,” Hamoud said. “We did the same job as before. Except we were now serving a terrorist group.” https://t.co/NpjF5vyr5p",2018-04-08 16:37:15,35,nytimes
0.3612,0.0,0.918,0.082,"Weeks after ISIS militants seized Mosul, public servants like Muhammad Nasser Hamoud were ordered to return to their government offices. They were told to resume their jobs immediately. https://t.co/iVqWgAPQ7G",2018-04-08 16:32:33,36,nytimes
-0.1027,0.152,0.742,0.106,"Michigan will stop providing free bottled water to the city of Flint. City officials criticized the move, noting that lead pipes are still in service. https://t.co/vgj6OIqKZb",2018-04-08 16:17:02,37,nytimes
-0.3182,0.103,0.897,0.0,"RT @nytpolitics: 6 of Scott Pruitt’s efforts to delay or roll back Obama-era regulations — on issues including pesticides, lead paint and r…",2018-04-08 16:02:06,38,nytimes
-0.8591,0.463,0.537,0.0,Updated: At least 49 people were killed in a suspected chemical attack in Syria https://t.co/iwWEBDhpwz,2018-04-08 15:47:08,39,nytimes
0.0,0.0,1.0,0.0,"RT @melbournecoal: The Denver Post’s owner, a hedge fund based in NY, also owns nearly 100 other newspapers across the country. Many, inclu…",2018-04-08 15:32:02,40,nytimes
0.2297,0.0,0.854,0.146,Many people taking antidepressants are saying they cannot quit because of withdrawal symptoms they were never warned about https://t.co/cfBprqjqL2,2018-04-08 15:17:04,41,nytimes
0.4685,0.0,0.844,0.156,He said he was trying to show that firearms aren't dangerous. Democrats called for an investigation into whether what he did was legal. https://t.co/92Xy9bY7nt,2018-04-08 15:02:08,42,nytimes
0.2732,0.098,0.711,0.191,Republican leaders are raising money and energizing conservatives with warnings about Democrats who want to impeach President Trump https://t.co/qmguZgIm9K,2018-04-08 14:42:07,43,nytimes
0.4215,0.0,0.877,0.123,"Facebook's advice to Mark Zuckerberg as he prepares to appear before Congress: Be humble, agreeable and as forthright as possible https://t.co/VwHgFHYSgI",2018-04-08 14:27:03,44,nytimes
0.0,0.0,1.0,0.0,🤒 + 🤧 ? https://t.co/bA3rrgBZWA,2018-04-08 14:12:10,45,nytimes
-0.34,0.194,0.806,0.0,South Carolina Congressman Pulls Out Gun at a Meeting With Voters https://t.co/YMk9GnMAlS,2018-04-08 13:55:05,46,nytimes
0.0,0.0,1.0,0.0,"Polls, politics and population shifts that are forcing an overhaul of colleges and universities across the country https://t.co/Qnwz88cIWv",2018-04-08 13:47:11,47,nytimes
-0.5574,0.143,0.823,0.034,"Long-term use of the medications is surging in the U.S., according to an analysis by The New York Times. One reason: withdrawal symptoms that make it difficult to stop. https://t.co/cYnJS4JOIA",2018-04-08 13:30:06,48,nytimes
-0.6908,0.186,0.814,0.0,A sociologist chronicled the human toll of eviction in Milwaukee in a 2016 book. A new project may reveal just how widespread the problem is in the U.S. https://t.co/ojFngMORsd https://t.co/oUQ4NHxQ1R,2018-04-08 13:00:16,49,nytimes
-0.4404,0.14,0.789,0.072,"The death of Judge Stephen Reinhardt, combined with other vacancies, means Trump has the chance to push the Ninth Circuit to the right https://t.co/bM2W8EZMrd",2018-04-08 12:30:04,50,nytimes
0.6124,0.0,0.792,0.208,"Is the doctor in? In this new medical age of urgent care centers and retail clinics, that’s not a simple question. https://t.co/hEzO4a5XuV",2018-04-08 12:00:16,51,nytimes
0.5423,0.098,0.721,0.18,As Trump moves to fulfill one of the central promises of his campaign — to get tough on China — he faces a potential rebellion from a core constituency https://t.co/s8jYG5ugcA,2018-04-08 11:30:15,52,nytimes
-0.6486,0.346,0.654,0.0,Dozens Suffocate in Syria as Government Is Accused of Chemical Attack https://t.co/QkSLmxo4XG,2018-04-08 11:02:53,53,nytimes
0.046,0.061,0.838,0.101,"Legal experts and White House officials say that in Scott Pruitt's haste to undo government rules, he has often been less than rigorous in his legal efforts https://t.co/a1LymuAFoU",2018-04-08 11:00:08,54,nytimes
-0.9136,0.463,0.489,0.049,"Breaking News: A suspected chemical attack killed dozens of people in a rebel stronghold in Syria. Aid groups blamed the Assad government.
https://t.co/ZjKYIp8aNI",2018-04-08 10:52:19,55,nytimes
0.0,0.0,1.0,0.0,"Trump issued a memo directing his administration to move quickly to bring an end to the practice of “catch and release"" https://t.co/WgtwFQsgJ7",2018-04-08 10:30:07,56,nytimes
0.0,0.0,1.0,0.0,First Words: Why Have We Soured on the ‘Devil’s Advocate’? https://t.co/c01gH2sjil,2018-04-08 10:15:39,57,nytimes
0.1901,0.0,0.951,0.049,"John Bolton and Mike Pompeo both have ties to individuals and groups promoting a worldview that regards Islam not so much as a religion, but as a political ideology that's infiltrating the U.S. and other Western countries https://t.co/iCll2gFmQV",2018-04-08 10:00:17,58,nytimes
0.0,0.0,1.0,0.0,😋https://t.co/dhilLWqdGp,2018-04-08 09:35:05,59,nytimes
0.2732,0.0,0.826,0.174,Here's how to start a fitness routine – and stick to it https://t.co/kPTQU2IVsc,2018-04-08 09:17:06,60,nytimes
0.0,0.0,1.0,0.0,Trilobites: The Crystals That May Have Helped Vikings Navigate Northern Seas https://t.co/GI9dRoaexp,2018-04-08 09:00:31,61,nytimes
0.0258,0.184,0.628,0.188,"Depending on your perspective, Reddit represents either the best of the web, or the worst https://t.co/YbT5ZhtOPP",2018-04-08 08:42:26,62,nytimes
-0.4291,0.079,0.921,0.0,"When are Prince Harry and Meghan Markle getting married? 
What if my invitation was lost in the mail? 
Will there be cake? 
And other questions you may have about the royal wedding. https://t.co/rxwg3obia5 https://t.co/vYnSFn3Yvz",2018-04-08 08:24:53,63,nytimes
-0.296,0.073,0.927,0.0,"“I deal with divorced people. I deal with older singles who are already in their 30s, 40s, 50s and beyond. Sometimes they’re just people who somehow missed the boat."" https://t.co/gNhi5vNCwg",2018-04-08 08:07:22,64,nytimes
-0.3182,0.161,0.839,0.0,A Cardi B Reveal and an Odd R. Kelly Sketch on ‘Saturday Night Live’ https://t.co/qowJMa9y7q,2018-04-08 07:49:54,65,nytimes
0.3612,0.0,0.815,0.185,What it was like for @jswatz to finally write his will https://t.co/cmSQOEP01R,2018-04-08 07:37:48,66,nytimes
0.3612,0.0,0.828,0.172,Tech Fix: Unknown Tech Brands Aren’t Like Groceries. Don’t Just Grab Them. https://t.co/A9tUnpznzs,2018-04-08 07:21:28,67,nytimes
-0.3818,0.133,0.867,0.0,A new book recounts the long and unfinished battle for immigration reform through the stories of young activists https://t.co/pxjIzUtWkq,2018-04-08 07:06:04,68,nytimes
0.0,0.0,1.0,0.0,"Black students continue to be disciplined at school more often and more harshly than their white peers, the Government Accountability Office found https://t.co/SUidKLjONq",2018-04-08 06:47:29,69,nytimes
-0.8687,0.271,0.729,0.0,"""When Sergei V. Skripal got poisoned, this was very serious for them,"" said a resident of a Russian town where locals are protesting against a landfill. ""When a city of 40,000 gets poisoned, they don't care."" https://t.co/b2vDYGpQYr",2018-04-08 06:29:24,70,nytimes
-0.9062,0.637,0.363,0.0,"Dozens Reported Killed in Suspected Syria Gas Attack, Damascus Denies https://t.co/M1pYjpBAcY",2018-04-08 06:11:35,71,nytimes
-0.2263,0.147,0.853,0.0,"""Get a will. Really. Dying without one — 'intestate' — is a drag for everyone."" https://t.co/WJeqIAEGcZ",2018-04-08 06:05:39,72,nytimes
0.7096,0.0,0.742,0.258,Astronomers developed algorithms to study distant galaxies and stars. Now they can help save endangered species from poachers. https://t.co/kkSdS0sOSc,2018-04-08 05:47:07,73,nytimes
0.0,0.0,1.0,0.0,The race to automate stores is underway https://t.co/gXjMzSIJzG,2018-04-08 05:28:52,74,nytimes
0.0,0.0,1.0,0.0,Why does bar soap clog the bathroom drain? https://t.co/JwRqjyI68o,2018-04-08 05:10:34,75,nytimes
-0.34,0.231,0.769,0.0,Rangers Fire Alain Vigneault After Rare Playoff-Less Season https://t.co/3K8ja2BIjk,2018-04-08 04:52:12,76,nytimes
0.5423,0.053,0.772,0.175,"""I am looking for comfort books, in the way that others turn to comfort food in tough times. Do you have any more ideas?"" https://t.co/isu3EOs0fm",2018-04-08 04:50:03,77,nytimes
0.1531,0.0,0.904,0.096,"The stars of ""Jersey Shore"" and ""Trading Spaces"" return for reboots wiser, but not warier https://t.co/hxDR7ssQHf",2018-04-08 04:33:06,78,nytimes
0.5487,0.0,0.871,0.129,"“There’s so much more to Jay Pharoah. I’m a piñata, man. You hit me, I bust open with all this talent. You get a Reese’s and a Twix!"" https://t.co/Q6uwKm7TTA",2018-04-08 04:15:23,79,nytimes
-0.5423,0.101,0.899,0.0,"Her company, 23andMe, does DNA tests that can tell you what countries your ancestors were from or what genetic diseases you may have, or even whether you suffer from “asparagus pee” https://t.co/M1w2WCMg6Q",2018-04-08 03:56:21,80,nytimes
0.3182,0.0,0.922,0.078,Meg Wolitzer wanted less to write some sort of State of Feminism novel than to explore ideas that have been marinating in her head for a long time https://t.co/CmS2Fe4HXO,2018-04-08 03:39:49,81,nytimes
-0.296,0.18,0.82,0.0,Make your own oven-roasted chicken shawarma. No food cart necessary. https://t.co/JGTP43IUwT,2018-04-08 03:20:46,82,nytimes
0.0,0.0,1.0,0.0,John Kasich is not *not* running for president https://t.co/Mvv7xojFEz,2018-04-08 03:01:34,83,nytimes
0.0,0.0,1.0,0.0,The yearbook staff at Marjory Stoneman Douglas High School knew they'd have to memorialize the shooting in their yearbook pages. Somehow. https://t.co/9gmpBBLlHl,2018-04-08 02:45:24,84,nytimes
0.0,0.0,1.0,0.0,Take extra caution with obscure tech brands. Take a pause and do some research. https://t.co/qBLP7J8d2k,2018-04-08 02:28:17,85,nytimes
0.0,0.0,1.0,0.0,"Neither a traditional tutor nor a straight-up therapist, a ""homework therapist"" is an amalgam of the two https://t.co/abx6za5LLg",2018-04-08 02:11:12,86,nytimes
0.0,0.0,1.0,0.0,"‘Big Brother’ in India Requires Fingerprint Scans for Food, Phones and Finances https://t.co/XVdURtZ6hi",2018-04-08 01:56:45,87,nytimes
-0.6908,0.19,0.81,0.0,The tiny elevator in a Brooklyn housing project will forever be tainted by the murder of a 6-year-old inside nearly 4 years ago https://t.co/TYJM4pPCyp,2018-04-08 01:49:46,88,nytimes
0.6597,0.0,0.769,0.231,"""My parents don’t want to just throw money around now. I’m getting a great education at a fraction of the cost."" https://t.co/s0SkPCiYb3",2018-04-08 01:33:12,89,nytimes
-0.765,0.485,0.515,0.0,Poison Gas Attack Reported by Syrian Anti-Government Activists https://t.co/OMPF0xpd7x,2018-04-08 01:14:22,90,nytimes
0.0258,0.142,0.711,0.147,"Evan Rachel Wood has turned her trauma into good. On ""Westworld"" and in life. https://t.co/usjnP8YMav https://t.co/zM1UBvTNf1",2018-04-08 01:12:03,91,nytimes
0.0,0.0,1.0,0.0,"Some airlines are embracing the idea of healthier flying, offering calorie-conscious menus and new exercise videos https://t.co/FUWLkhx4TN",2018-04-08 00:54:49,92,nytimes
0.0,0.0,1.0,0.0,Paleontologists have discovered dozens of jumbo-size footprints belonging to dinosaurs that lived 170 million years ago https://t.co/NPvhvrEqye,2018-04-08 00:37:48,93,nytimes
-0.5719,0.134,0.866,0.0,"Emma González. 
Rose McGowan. 
The Dora Milaje soldiers in Black Panther. 
Natalie Portman in “V for Vendetta."" 
Charlize Theron in “Mad Max: Fury Road.”
https://t.co/NDdwOQrRVA",2018-04-08 00:17:33,94,nytimes
0.25,0.138,0.652,0.21,"NEWS ANALYSIS: Though Deadly, Gaza Protests Draw Attention and Enthusiasm https://t.co/HXLmKi9lFp",2018-04-08 00:01:10,95,nytimes
-0.0258,0.184,0.634,0.181,"Last fall, we shared readers' 13-word stories of romance, obsession and heartbreak. Here are some more of the thousands of stories we received. https://t.co/pzGH1dib0R https://t.co/0l6aZRtT9N",2018-04-07 23:54:14,96,nytimes
-0.2263,0.113,0.821,0.067,"Once you immerse yourself in the tasty, convenient world of sheet-pan suppers, you won’t want to stop https://t.co/uVuyCowd0C",2018-04-07 23:38:00,97,nytimes
0.7351,0.0,0.776,0.224,The snow monkeys of Japan like a nice warm bath. Scientists wanted to find out the real reason they sought out the hot springs where they are found. https://t.co/On2or1cJvQ,2018-04-07 23:21:07,98,nytimes
0.0,0.0,1.0,0.0,"Children’s Books: If Graphic Novels Are Hip for Adults, Why Not Picture Books? https://t.co/CFsPm9Mj1w",2018-04-07 23:02:16,99,nytimes
